Freq_MHz,Az_deg,El_deg
5900.0,20.1219,7.688
6100.0,-25.1808,14.8002
5900.0,20.3002,8.2822
6100.0,-24.8264,15.0756
5900.0,19.2196,7.6093
6100.0,-25.5619,15.3368
5900.0,20.0511,7.9051
5900.0,19.9933,7.7441
6100.0,-25.0377,14.6667
5900.0,20.3518,8.2333
6100.0,-24.5245,15.1877
5900.0,20.0264,8.3382
6100.0,-25.5058,15.5332
5900.0,20.187,7.7422
6100.0,-24.7365,14.9969
5900.0,20.1475,7.7123
5900.0,20.3514,7.985
6100.0,-24.3639,15.0478
5900.0,19.9261,7.7957
6100.0,-25.0112,14.8019
5900.0,20.489,7.9536
6100.0,-24.7673,15.143
5900.0,19.8287,7.8944
6100.0,-24.9941,14.763
5900.0,20.2129,8.1096
5900.0,20.1651,8.1292
6100.0,-24.948,14.9791
5900.0,20.8567,7.8781
6100.0,-25.5334,14.5585
5900.0,19.7951,7.7559
6100.0,-24.7739,14.2194
5900.0,20.2464,8.3387
6100.0,-24.9178,14.8566
5900.0,19.9544,7.748
5900.0,19.6702,8.1952
6100.0,-24.4767,14.852
5900.0,20.2973,8.1629
6100.0,-24.7362,14.8809
5900.0,19.7338,8.0696
6100.0,-24.9545,15.2211
5900.0,20.0467,8.0656
6100.0,-25.185,15.299
5900.0,20.3486,8.0671
5900.0,20.2716,8.0203
6100.0,-25.3975,15.0884
5853.0105,38.4534,9.6486
5900.0,20.1156,8.1894
6100.0,-24.6309,15.198
5900.0,19.4171,7.9041
6100.0,-24.2334,14.771
5900.0,19.8119,7.8083
6100.0,-25.5517,14.7017
5900.0,19.8899,8.4485
5900.0,19.6537,8.2905
6100.0,-24.7358,15.1494
5900.0,19.3269,7.8995
6100.0,-24.9591,14.6631
5900.0,20.0651,8.1759
6100.0,-24.6933,14.6326
5900.0,20.2845,8.238
6100.0,-24.5364,15.8572
5900.0,19.8605,7.8613
5900.0,20.3432,7.9426
6100.0,-24.8534,15.1749
5900.0,19.4897,7.66
6100.0,-25.1971,14.4569
5900.0,19.6322,8.1491
6100.0,-25.2411,14.6721
5900.0,20.057,8.2071
6100.0,-25.5788,15.5167
5900.0,19.8291,8.0476
6102.1573,46.3445,12.4303
5795.0685,28.2125,2.0068
5900.0,20.2502,7.9072
6100.0,-24.8909,15.1139
5900.0,20.1827,7.8014
6100.0,-25.1236,14.9481
5900.0,19.8548,7.8855
6100.0,-24.6142,14.9903
5900.0,19.5217,8.1461
6100.0,-24.7877,14.9412
5900.0,19.8122,8.0037
5900.0,20.1923,8.134
6100.0,-25.1369,14.5779
5900.0,20.2662,7.9705
6100.0,-25.7911,14.9215
5900.0,19.8307,7.9761
6100.0,-24.9774,14.6142
5900.0,19.3251,7.5659
6225.8369,-38.9648,-4.6057
6100.0,-25.0138,15.0161
5900.0,19.4709,7.7008
5900.0,20.1599,7.7284
6100.0,-25.8624,14.7255
5900.0,19.8487,8.3898
6100.0,-24.8371,15.1161
5900.0,19.8575,8.2213
6100.0,-25.4615,15.0475
5900.0,19.6266,7.9384
6100.0,-24.591,15.2331
5900.0,19.62,7.8983
5900.0,20.3361,7.4818
6100.0,-25.0381,14.8596
5900.0,20.1738,8.0713
6100.0,-25.2517,15.1403
5900.0,19.7623,7.5662
6100.0,-24.922,15.1888
5900.0,20.0289,7.8412
6100.0,-24.9473,15.2456
5900.0,20.0931,8.0066
5900.0,20.6407,7.9282
6100.0,-24.9622,15.2354
5900.0,19.5906,8.0538
6100.0,-24.6517,14.7586
6095.2541,-4.6017,5.7526
5900.0,20.088,8.4078
6100.0,-25.7233,15.463
5900.0,20.334,8.1071
6100.0,-24.8973,14.4857
5900.0,20.5853,7.6434
5900.0,19.7441,7.722
6100.0,-25.2855,15.2316
5900.0,19.8441,7.587
6100.0,-25.1119,14.8464
5900.0,20.2541,7.9333
6100.0,-24.4396,14.6858
5900.0,19.4117,7.6953
6100.0,-25.3193,15.0634
5900.0,20.1254,8.2514
5900.0,20.7987,8.8742
6100.0,-24.8438,15.1489
5900.0,20.1658,7.7031
6100.0,-24.6355,15.0596
5900.0,19.1472,8.0803
6100.0,-24.8042,14.9222
5900.0,19.6748,7.8754
6100.0,-24.9749,15.0323
5900.0,19.7552,7.9578
5900.0,20.4264,8.0471
6100.0,-24.914,15.2318
5900.0,19.9365,7.6893
6100.0,-24.7779,15.0133
5900.0,19.3301,7.8541
6100.0,-25.3237,15.0203
5900.0,19.9785,8.5304
6100.0,-25.0112,15.058
5900.0,20.0521,8.2948
5900.0,19.8003,7.6445
6100.0,-24.1174,14.8429
5900.0,19.614,7.7824
6100.0,-24.8311,15.3205
5880.8275,-28.8409,29.1139
5900.0,20.8514,7.7536
6100.0,-24.9608,15.7014
5900.0,20.3354,7.7291
6100.0,-25.1512,15.0972
5900.0,20.3726,8.1155
5900.0,19.9373,7.9878
6100.0,-25.3195,14.8945
5900.0,19.7381,8.1338
6100.0,-24.9004,15.2539
5900.0,19.818,7.6323
6100.0,-24.8724,15.3777
5900.0,19.4888,8.0518
5799.0472,-22.5005,-4.4644
6100.0,-25.038,14.9003
5900.0,20.6316,8.048
5900.0,19.9525,8.0857
6100.0,-23.9184,15.1183
5900.0,20.5224,8.0658
6100.0,-25.2878,14.7917
5900.0,19.8356,8.3319
6100.0,-25.3771,15.281
6096.8584,37.7039,12.5021
5900.0,20.1715,8.4607
6100.0,-25.1458,15.0382
5900.0,20.0733,7.6327
5900.0,19.4527,8.4953
6100.0,-25.0254,15.2194
5918.4933,21.0664,17.2259
5900.0,20.6895,7.9461
6100.0,-25.3387,14.6773
5900.0,19.8467,8.4384
6100.0,-24.9103,15.1803
5900.0,19.5572,7.7316
6100.0,-24.867,14.7572
5900.0,20.2573,7.8816
5900.0,19.998,7.951
6100.0,-24.729,14.7768
5900.0,20.135,8.4222
6100.0,-25.2086,14.7168
6263.9233,23.4889,24.7126
5900.0,20.0362,8.1932
6100.0,-24.4795,15.19
5900.0,19.1799,7.9854
6100.0,-24.758,15.3742
5900.0,19.6627,7.6344
5900.0,19.6487,7.8998
6100.0,-23.8749,14.4872
5900.0,20.3664,7.6021
6100.0,-25.2954,14.8151
5900.0,20.0123,7.8547
6100.0,-25.3403,14.6767
5900.0,19.8689,8.3008
6100.0,-25.1199,14.635
5900.0,20.2152,8.4012
5900.0,19.9382,7.7912
6100.0,-24.866,15.0155
5900.0,19.9105,8.0727
6100.0,-24.8076,15.1523
5900.0,20.0706,7.6747
6100.0,-24.7588,14.888
5900.0,20.0362,8.0685
6100.0,-24.1515,15.0703
5900.0,21.007,8.5631
5900.0,19.6587,7.9138
6100.0,-25.745,14.6993
5900.0,19.4146,7.8228
6100.0,-25.6962,15.0052
5900.0,20.1262,8.3618
6100.0,-25.0487,14.8595
5900.0,19.7084,7.8038
6100.0,-24.1956,15.1647
5900.0,19.1411,7.9512
5900.0,19.575,7.8412
6100.0,-24.7096,14.7207
5900.0,19.6493,7.9717
6100.0,-25.3997,15.011
5900.0,19.2969,7.5599
6100.0,-24.9308,14.4431
5900.0,20.8517,7.6138
6100.0,-25.0721,15.0042
5900.0,19.5613,8.5511
5900.0,21.162,7.6485
6100.0,-25.0861,14.756
5900.0,19.8527,8.1025
6100.0,-25.2158,14.9469
5900.0,20.6915,7.7039
6100.0,-24.9637,15.1814
5900.0,19.9019,8.2332
6100.0,-24.5677,14.9117
5900.0,20.1739,7.8872
5900.0,19.9465,7.5875
6100.0,-25.1825,15.1313
5900.0,19.9047,7.9201
6100.0,-24.7557,14.8697
5900.0,20.0929,7.8334
6100.0,-24.6838,15.2939
5900.0,20.1886,8.3038
6100.0,-24.4833,15.5335
5900.0,20.0622,8.1055
5900.0,20.0213,8.0
6100.0,-25.3466,15.0042
5900.0,19.7114,8.0949
6100.0,-24.9955,14.9706
5900.0,19.9611,8.628
6100.0,-25.2597,14.5543
5900.0,20.6293,8.1158
6100.0,-24.9629,14.7695
5900.0,19.6948,7.6663
5900.0,20.4765,8.0788
6100.0,-24.9656,14.7618
5900.0,20.1921,7.4766
6100.0,-25.4399,15.0703
5900.0,20.371,8.1363
6100.0,-24.9396,15.1738
5900.0,19.5558,7.8585
6100.0,-24.1257,15.0832
5900.0,20.1055,8.0157
5900.0,19.8831,7.969
6100.0,-24.806,14.6767
5900.0,19.8992,8.0458
6100.0,-25.5148,15.4748
5900.0,20.5886,7.23
6100.0,-25.3694,14.6868
5900.0,19.9053,8.053
6100.0,-25.0156,14.9729
5900.0,20.1184,7.8884
5907.8795,-54.8263,22.3208
5900.0,19.2973,8.0984
6100.0,-25.361,14.9085
5900.0,20.6909,7.5398
6100.0,-24.5082,14.7582
5900.0,20.3455,7.9014
6100.0,-25.5575,15.2828
5900.0,19.9755,7.6841
6230.9165,-53.9533,25.4446
6100.0,-24.8031,14.8138
5900.0,19.8662,8.39
5900.0,20.2331,8.5197
6100.0,-25.6329,14.7766
5900.0,20.471,8.1317
6100.0,-25.0219,15.3497
5900.0,20.6976,8.1317
6100.0,-25.4146,14.9746
5900.0,20.3312,7.911
6100.0,-24.7299,14.2856
5900.0,20.0266,7.7908
5900.0,20.3958,7.6465
6100.0,-24.5865,14.6453
5900.0,20.3129,7.9428
6100.0,-24.8672,15.074
5900.0,20.4685,8.2253
6100.0,-24.5662,15.1653
5900.0,20.7283,8.2192
6100.0,-25.9509,14.7646
5900.0,19.3712,7.9799
5900.0,19.5312,7.8445
6100.0,-24.9447,14.9415
5900.0,20.6045,8.1913
6259.788,3.2255,29.1143
6100.0,-24.809,15.2368
5900.0,19.7204,7.6959
6100.0,-24.7566,14.9357
6096.3197,-19.6295,19.9258
5900.0,20.0131,7.635
6100.0,-25.7385,14.8634
5900.0,19.7315,8.0936
5900.0,20.4621,8.1826
6100.0,-24.8335,14.6729
5900.0,19.0835,8.0913
6100.0,-24.7475,15.2725
5900.0,20.0288,8.1242
6100.0,-24.9493,14.0809
5900.0,20.6465,7.381
6100.0,-25.5112,15.5659
5900.0,19.7636,8.1773
5900.0,19.3674,8.4428
6100.0,-25.2186,14.4048
5900.0,20.1473,8.254
6100.0,-24.5059,15.004
5900.0,19.7716,8.2441
6100.0,-24.558,15.0831
5900.0,20.4274,8.0699
6100.0,-24.8166,15.1089
5900.0,20.0938,8.0811
5900.0,19.6547,7.9557
6100.0,-24.721,15.6832
5900.0,19.939,8.115
6100.0,-24.6116,14.5259
5900.0,20.3999,7.6824
6100.0,-24.8213,15.3424
5900.0,19.95,8.4444
6100.0,-24.5189,14.872
5900.0,19.7026,7.7533
5860.7792,-22.7798,-7.0684
5900.0,20.0809,8.2533
6100.0,-24.534,15.2783
5900.0,20.0046,8.3987
6100.0,-23.971,14.775
5900.0,20.3427,8.2525
6100.0,-25.203,14.9082
5900.0,20.2216,8.6983
6100.0,-25.1961,14.733
5900.0,19.9179,7.3989
5900.0,20.6417,7.8627
6100.0,-26.1051,14.8696
5900.0,20.0432,8.3929
6100.0,-24.8523,14.852
5900.0,19.3591,7.6245
6100.0,-24.2258,15.004
5900.0,19.3595,7.7618
6100.0,-24.4836,15.0784
5900.0,20.1759,8.1573
5900.0,20.1105,7.5762
6100.0,-24.6694,15.0838
5900.0,19.076,8.0163
6100.0,-24.4525,15.0168
5900.0,19.8113,8.1378
6100.0,-24.8016,15.1099
5900.0,20.2808,8.0415
6100.0,-25.1153,15.1215
5900.0,20.3041,8.0688
5900.0,20.212,7.7886
6100.0,-24.1062,14.9189
5900.0,19.9282,8.059
6100.0,-24.8322,15.3773
5900.0,20.3282,7.8819
6100.0,-24.5439,15.0035
5900.0,20.2085,7.9202
6100.0,-25.9534,15.155
5900.0,19.953,8.2489
5900.0,19.2028,7.6111
6100.0,-25.8878,15.441
5900.0,19.4071,7.2999
6100.0,-24.9322,15.2999
5900.0,19.7287,8.2248
6100.0,-25.3608,14.5342
5900.0,19.886,8.0593
6100.0,-24.8957,14.9899
5900.0,20.4357,8.3983
5900.0,19.9723,8.4061
6100.0,-25.1966,15.0254
5900.0,20.0369,7.7488
6100.0,-23.893,15.2504
5900.0,19.7622,7.5558
5792.113,19.9017,17.9565
6100.0,-24.5802,15.2532
5900.0,19.6447,7.8926
6100.0,-24.4082,14.943
5900.0,20.3214,8.5162
5900.0,19.4471,8.1178
6100.0,-25.8219,14.9434
5900.0,19.5838,8.1424
6100.0,-24.6753,14.7091
5900.0,19.9476,7.4507
6100.0,-25.0705,14.7925
5900.0,20.3713,7.8185
6100.0,-24.3992,15.2248
5900.0,19.7864,7.6791
5900.0,19.7383,8.1284
6100.0,-24.7394,15.1865
5900.0,19.9243,8.0986
6100.0,-25.0149,15.0593
5900.0,20.1448,8.3962
6100.0,-25.4741,14.3441
5900.0,19.8629,7.5569
6100.0,-24.94,15.0972
5900.0,20.4269,7.9006
5900.0,20.4458,8.115
6100.0,-24.5163,15.4714
5900.0,19.9475,8.1046
6100.0,-24.372,14.7006
5900.0,20.7804,8.6231
6100.0,-25.1409,15.1441
5900.0,20.0278,8.0481
6100.0,-23.9872,15.444
5900.0,20.4305,7.7463
5900.0,20.1332,7.9922
6100.0,-24.5522,14.8837
5900.0,20.1256,7.75
6100.0,-25.3533,15.2367
5900.0,19.3642,7.3781
6100.0,-25.4403,14.9285
5900.0,19.553,7.8624
6100.0,-25.0459,15.4779
5900.0,19.8827,8.5812
5900.0,20.4424,7.7114
6100.0,-25.1419,14.2682
5900.0,20.1391,7.8779
6100.0,-24.7982,14.7903
5900.0,19.8863,8.0556
6100.0,-24.9829,14.974
5902.0046,-62.9745,0.2652
5900.0,20.2477,7.8982
5906.1939,-41.8331,-7.1942
6100.0,-25.1095,15.2371
5900.0,20.4255,7.6574
5900.0,20.0025,8.7793
6100.0,-25.6131,14.8449
5900.0,20.0892,8.43
6100.0,-24.7264,14.8158
5794.4686,16.8461,29.4273
5900.0,20.0366,8.1742
6100.0,-25.6435,15.2006
5900.0,19.9773,7.9489
6100.0,-24.5508,14.9865
5900.0,19.6882,8.1291
6102.8053,-47.1177,14.5629
5900.0,19.6594,8.1997
6100.0,-25.7843,15.2118
5900.0,20.4341,8.11
6100.0,-25.664,15.0926
5900.0,19.8855,8.1362
6100.0,-25.355,14.652
5900.0,19.8765,8.2807
6100.0,-25.1768,14.945
5900.0,19.2674,7.8993
5780.7975,-8.985,7.6103
5900.0,19.2037,7.5515
6100.0,-25.2577,15.1766
5900.0,20.5455,8.2686
6100.0,-25.1784,15.2941
5900.0,19.7122,7.5492
6100.0,-24.8875,14.7907
5900.0,18.8142,7.837
6100.0,-25.3464,14.5058
5900.0,20.9682,8.1305
5900.0,19.7762,8.1395
6100.0,-24.8837,14.8936
5900.0,19.3756,7.9108
6100.0,-25.9489,14.8393
5900.0,20.0398,7.9742
6100.0,-25.3604,15.4727
5900.0,20.3163,8.1034
6100.0,-25.6811,14.5676
5900.0,20.2673,7.7935
5900.0,20.3591,8.4887
6100.0,-24.556,15.407
5900.0,19.6119,7.7337
6100.0,-25.298,14.8104
5900.0,20.5343,7.9426
6100.0,-24.7535,14.3019
5900.0,20.5615,7.8672
6100.0,-25.7445,14.9158
5900.0,20.582,8.0394
5900.0,20.1033,8.4694
6100.0,-24.38,14.8693
5900.0,19.8553,7.7177
6100.0,-24.9596,15.3401
5900.0,19.8206,8.1357
6100.0,-24.1572,14.8269
5900.0,19.3737,8.1912
6100.0,-25.0067,15.5466
5900.0,19.7845,8.3443
5900.0,19.0423,7.764
6100.0,-25.6089,15.3083
5900.0,19.3254,7.7521
6100.0,-25.4073,15.0307
5900.0,20.0991,7.9462
6100.0,-25.097,14.7126
5900.0,19.8986,7.9522
6100.0,-25.3932,15.0829
5900.0,20.0814,7.6974
5900.0,20.2827,8.1988
6100.0,-24.6018,14.9611
5900.0,20.154,8.167
6100.0,-24.972,15.1714
5900.0,20.1186,8.6105
6100.0,-25.3886,15.2219
5900.0,19.9652,7.9079
6100.0,-24.6723,15.7811
5900.0,19.6986,7.6903
5900.0,19.5022,7.7334
6100.0,-25.1504,14.8626
5900.0,19.9717,8.1003
6100.0,-24.6924,15.2457
5900.0,20.0205,7.7703
6100.0,-25.214,14.8791
5900.0,20.3601,8.2218
6100.0,-24.7835,14.7517
5900.0,19.9361,7.8041
5956.6883,24.158,25.6378
5900.0,20.2194,8.0564
6100.0,-25.1642,15.0269
5900.0,19.4207,7.9796
6100.0,-24.6016,14.8186
5900.0,20.1048,7.7301
6100.0,-25.737,14.425
5900.0,20.0759,7.5636
6100.0,-25.5038,14.606
5900.0,20.5345,8.3744
5900.0,19.899,8.109
6100.0,-25.0618,14.6433
5900.0,19.036,7.6531
6100.0,-25.2811,14.7678
5900.0,19.8825,7.6784
6100.0,-25.1762,15.3968
5900.0,20.2858,8.5992
6100.0,-24.7352,15.0048
5900.0,19.5294,7.7488
5900.0,20.0942,8.4833
6100.0,-25.1844,14.87
5900.0,19.5111,8.0747
6100.0,-24.8689,15.1753
5900.0,20.7285,7.5045
6100.0,-25.363,15.0109
5900.0,19.4876,7.8729
6100.0,-25.8126,15.0635
5900.0,19.7918,8.2438
5900.0,20.0967,7.4675
6100.213,-60.9591,20.9174
6100.0,-24.6951,14.916
5900.0,20.2062,7.8267
6100.0,-24.2734,14.7356
5900.0,20.5098,7.8117
6100.0,-24.913,14.9893
5900.0,19.7454,8.1623
6100.0,-25.0401,14.9657
5900.0,20.3052,8.1344
5900.0,19.3258,8.1614
6100.0,-24.9572,15.2544
5900.0,19.5863,8.0706
6100.0,-24.4489,14.9993
5900.0,19.4305,8.1339
6100.0,-24.6739,14.7895
5900.0,19.6774,7.6152
6100.0,-24.6936,14.7714
5900.0,20.2855,8.0725
5900.0,19.7544,8.4354
6100.0,-24.5637,15.6632
5900.0,19.8237,8.0096
6100.0,-25.0488,14.3422
5900.0,20.1076,7.8141
6100.0,-25.2192,15.3696
5900.0,20.1885,7.84
6100.0,-24.7788,15.0747
5900.0,19.8353,8.4088
5900.0,19.5838,7.2762
6100.0,-24.5965,15.1453
5900.0,20.6444,8.7648
6100.0,-24.5129,15.2758
5900.0,19.8379,7.4189
6100.0,-24.3913,15.1076
5900.0,19.8758,7.9141
6100.0,-24.6379,14.9079
5900.0,19.924,7.666
5900.0,20.2318,8.1574
6100.0,-25.2406,15.512
5900.0,19.4022,8.2098
6100.0,-24.9135,15.2415
5900.0,20.8211,8.0516
6100.0,-24.9505,14.824
5900.0,19.8651,7.9574
6100.0,-24.9956,15.4308
5900.0,20.2461,7.4808
5900.0,20.0658,7.8829
6100.0,-24.7779,14.4866
5900.0,20.7391,7.9477
6100.0,-25.0861,15.5347
5900.0,20.6672,7.6689
6100.0,-25.0855,14.4599
5900.0,20.2349,8.0958
6100.0,-24.2428,15.2047
5900.0,19.6524,8.0532
5900.0,20.485,7.9029
6100.0,-25.028,14.8886
5900.0,19.3232,7.9947
6100.0,-24.5671,14.8374
6022.4915,-29.8037,5.1137
5900.0,19.639,7.8973
6100.0,-24.5407,15.1627
5900.0,19.9674,7.4883
6100.0,-24.9021,15.0437
5900.0,19.3537,8.1446
5900.0,19.7909,7.2306
6100.0,-25.07,15.3137
5900.0,20.3139,8.0817
6100.0,-25.3461,14.5134
5900.0,19.7145,7.605
6100.0,-24.7542,15.1894
5900.0,20.3343,8.1048
6100.0,-24.8079,15.1223
5900.0,20.953,8.1261
5900.0,20.1551,7.9499
6100.0,-25.1282,15.2362
5900.0,20.3267,8.1875
6100.0,-25.0182,14.8539
5900.0,20.5007,7.8436
6100.0,-25.1248,15.6062
5900.0,19.8258,7.8563
6100.0,-25.694,15.1499
5900.0,20.3163,8.4495
5900.0,19.8165,7.8726
6100.0,-25.6716,14.9675
5900.0,20.1256,7.9263
6100.0,-25.1735,14.3745
5900.0,20.3808,7.3245
6100.0,-24.8444,14.886
5900.0,19.6693,7.7653
6261.3641,-3.1314,16.8369
6100.0,-25.8397,15.2519
5900.0,19.0719,7.7109
5900.0,19.6339,7.9397
6100.0,-24.426,15.447
6098.9,-27.2598,9.5941
5900.0,20.4452,7.9265
6100.0,-24.8564,15.0138
5900.0,19.5877,7.9829
6100.0,-24.4687,15.5047
5900.0,20.4197,7.7072
6100.0,-24.5466,14.7175
5900.0,19.6358,8.1676
5900.0,19.9114,8.1942
6100.0,-24.9195,15.1319
5900.0,19.9945,8.2105
6100.0,-25.7238,15.1408
5900.0,19.586,7.9964
6100.0,-24.0908,15.192
5900.0,19.9157,7.6352
6100.0,-24.4106,15.0549
5900.0,19.3746,8.2057
5900.0,19.8596,7.6933
6100.0,-25.0293,15.1144
5900.0,19.9615,8.3384
6100.0,-25.3263,14.7109
5900.0,19.0877,7.551
6100.0,-24.4935,15.4117
5900.0,19.6308,8.4384
6100.0,-25.3964,15.2904
5900.0,20.113,8.2302
5900.0,19.5439,7.6641
6100.0,-25.0348,15.1019
5900.0,20.1791,8.0175
6100.0,-24.8159,15.2983
5900.0,20.2195,7.9437
6100.0,-24.9669,15.423
5900.0,20.1113,8.0474
6100.0,-24.8762,15.1873
5900.0,20.3111,8.2421
5900.0,19.3521,7.3258
6100.0,-25.3333,15.6476
6092.7961,-59.8075,23.8011
5900.0,20.4007,8.3563
6100.0,-24.8121,15.2139
5900.0,19.5918,7.442
6100.0,-25.6433,14.7532
5900.0,20.0396,8.2793
6100.0,-24.5048,15.0861
5900.0,20.719,8.1549
5900.0,19.8513,7.7321
6100.0,-25.7655,15.3115
5900.0,20.0046,7.9102
6100.0,-25.2175,15.4234
5900.0,19.594,8.6146
6100.0,-25.0351,15.0614
5900.0,20.7141,8.3408
6100.0,-24.5284,14.7308
5900.0,19.6317,8.2565
5900.0,20.2559,8.1328
6100.0,-25.3971,14.9411
5900.0,20.4999,8.1906
6100.0,-24.6691,14.6007
5869.7877,18.5543,18.1051
5899.5655,26.7084,1.4507
5900.0,20.296,8.1911
6100.0,-25.6672,15.2471
5900.0,20.1363,7.4649
6100.0,-25.2412,14.8823
5900.0,20.0334,7.8331
5900.0,19.4881,8.5045
6100.0,-25.7427,14.7963
5900.0,20.6916,8.4078
6100.0,-25.003,15.2791
5900.0,20.1021,8.4052
6100.0,-25.3085,15.4972
5900.0,20.0048,8.0608
6100.0,-25.2738,14.7951
5900.0,19.5626,8.1191
5900.0,20.0242,7.6092
6100.0,-24.3851,15.0634
5900.0,19.9795,7.9761
6100.0,-25.2208,14.9535
5900.0,20.719,8.2683
6100.0,-24.4588,15.4399
5900.0,20.0046,8.0746
6100.0,-25.3267,14.9873
5900.0,20.0177,7.9391
5900.0,19.567,7.9547
6100.0,-24.9639,14.7041
5900.0,19.7016,7.6249
6100.0,-25.0223,15.0016
5900.0,20.2045,8.1174
6100.0,-24.5439,15.3622
5900.0,19.2853,7.9632
6100.0,-25.1317,14.9358
5900.0,20.3983,8.3178
5900.0,20.4103,8.0117
6100.0,-24.7343,14.8244
5900.0,19.662,7.6749
6100.0,-24.7645,14.9736
5900.0,20.1378,8.1138
6100.0,-25.3878,14.7129
5900.0,20.5149,8.33
6100.0,-24.4212,14.9531
5900.0,19.9471,7.6267
5900.0,19.8724,8.0652
6100.0,-24.3439,14.8459
5900.0,19.9192,7.8266
6100.0,-24.8835,15.7178
5900.0,20.1012,7.8488
6100.0,-25.423,14.4307
5900.0,19.7488,8.0934
6100.0,-24.4854,14.752
5900.0,19.8392,8.0732
5900.0,20.1093,7.6582
6100.0,-25.0083,14.8242
5891.6529,-9.8778,3.1079
5900.0,19.8075,8.4313
6100.0,-24.8927,14.7148
5900.0,19.5352,7.365
6100.0,-25.072,15.1349
5900.0,19.2553,8.0087
6100.0,-25.4033,14.79
5900.0,20.0124,7.9647
5900.0,20.4857,7.1981
6100.0,-25.139,14.5714
5900.0,20.1584,8.4684
6100.0,-25.169,15.0356
5900.0,19.5489,7.8861
6100.0,-25.1598,14.9186
5900.0,19.6988,7.7317
6100.0,-25.008,14.8033
5900.0,19.8695,8.4282
5900.0,20.735,7.8992
6100.0,-24.7236,15.4308
5900.0,20.762,8.0107
6100.0,-25.1858,15.1456
5900.0,20.7015,7.972
5920.0459,13.5024,0.7956
6100.0,-25.0958,15.1096
5900.0,20.0524,8.1096
6100.0,-24.3737,15.1526
5900.0,21.2715,8.2554
6101.3384,26.8117,-4.7423
5900.0,19.7171,8.2907
6100.0,-25.7094,15.1362
5900.0,19.8553,7.8531
6100.0,-24.5069,14.9335
5900.0,20.3634,8.0093
6100.0,-24.6017,14.793
5900.0,20.1114,8.0042
6100.0,-25.5942,15.0424
5900.0,20.1346,8.1275
5900.0,19.2252,8.2
6100.0,-25.7026,14.9281
5984.9827,-61.3315,19.0364
5900.0,19.6072,7.5673
6100.0,-24.4853,14.4271
5906.226,-22.8639,14.5522
5900.0,19.9766,8.0252
6100.0,-25.5118,14.6904
5900.0,19.7226,8.2493
6100.0,-25.0253,14.8903
5900.0,19.4631,7.8779
5900.0,19.7661,7.986
6100.0,-24.4403,15.2863
5900.0,20.1115,7.6976
6100.0,-24.8019,15.0437
5900.0,20.2897,8.0189
6100.0,-24.8427,14.7414
5900.0,19.2432,7.4124
6100.0,-24.6571,14.6664
5900.0,19.9951,7.9337
5894.3427,-16.8183,0.1476
5900.0,19.9586,7.9916
6100.0,-24.6658,15.3558
5900.0,20.0902,8.2843
6100.0,-24.9157,14.9471
5900.0,19.5556,7.6484
6100.0,-24.8399,14.1415
5900.0,19.5627,8.0867
6100.0,-24.8791,14.966
5900.0,20.498,7.8706
5900.0,18.9993,7.4888
6100.0,-25.0203,15.212
5900.0,19.6668,7.8327
6100.0,-25.0299,14.6579
5900.0,19.8366,8.0116
6100.0,-25.0566,15.0203
5900.0,19.8753,8.3148
5805.7607,-49.4157,31.9616
6100.0,-24.954,15.0486
5900.0,19.7296,7.7413
5900.0,20.1916,7.5393
6100.0,-24.5843,14.6742
5900.0,20.1559,8.0308
6100.0,-24.9297,15.387
5900.0,19.941,8.4765
6100.0,-25.6938,15.0539
5900.0,19.7511,8.6181
6100.0,-25.2342,14.8888
5900.0,19.9098,7.6169
5900.0,20.028,7.6771
6100.0,-25.3619,14.9491
5900.0,19.6993,8.1191
6100.0,-24.2635,14.6207
5900.0,20.2222,7.8133
6100.0,-25.4678,14.6094
5900.0,20.395,8.3473
6100.0,-24.309,14.8613
5900.0,20.5745,8.1588
5900.0,20.5454,7.4358
6100.0,-25.0103,14.8792
5900.0,19.8728,7.7399
6100.0,-25.3778,14.9295
5900.0,20.0477,7.8286
6100.0,-24.0167,15.4176
5900.0,19.9335,8.5647
6100.0,-25.3412,15.1943
5900.0,19.9321,8.1241
5900.0,19.9071,8.0227
6100.0,-25.3326,14.4671
5900.0,20.0024,8.1345
6100.0,-24.5922,15.348
5900.0,20.4661,8.4942
6100.0,-24.5816,14.859
5900.0,20.1238,8.1769
6100.0,-25.0667,15.2249
5900.0,19.5397,7.9736
5900.0,20.3761,8.2598
6100.0,-24.8434,14.8819
5900.0,20.0846,8.2659
6100.0,-25.6476,15.0342
5900.0,20.1963,8.3601
6100.0,-24.5684,14.6407
5900.0,20.1157,7.8933
6100.0,-24.7445,15.0995
5900.0,20.1343,7.1208
5900.0,20.1532,6.9055
6100.0,-24.6999,15.2616
5947.3864,58.8807,-7.2008
5900.0,19.3106,8.1355
6100.0,-25.2778,14.5149
5900.0,20.191,7.6513
6100.0,-25.2134,15.2667
5900.0,19.7152,8.4112
6100.0,-25.2168,14.7918
5900.0,19.8064,8.6729
5900.0,19.9992,8.1224
6100.0,-25.7285,15.5258
5900.0,20.6467,8.0393
6100.0,-24.6697,15.231
5900.0,19.5991,7.9671
6100.0,-24.6129,15.173
5900.0,19.9858,7.5906
6100.0,-25.0977,14.9509
5898.5693,53.8979,20.5155
5900.0,19.8977,7.7773
5900.0,20.3697,8.0104
6100.0,-25.171,15.7904
5900.0,19.8869,7.9681
6100.0,-24.7776,14.8609
5900.0,20.0892,8.185
6100.0,-24.8138,14.6967
5900.0,19.6001,7.6875
6100.0,-24.3982,14.8017
5900.0,20.4419,7.8763
5900.0,19.4333,8.1331
6100.0,-24.7996,15.3198
5900.0,20.1853,7.5408
6100.0,-24.8461,15.0283
5900.0,20.0918,8.2207
6100.0,-24.9957,14.9831
5900.0,20.1498,8.1896
6100.0,-25.2307,14.8652
5900.0,19.4383,8.0993
5900.0,19.879,7.8552
6100.0,-24.4082,14.9674
5900.0,20.3482,8.4438
6100.0,-25.3143,14.8451
5900.0,20.7177,8.3944
6100.0,-24.5599,15.2027
5900.0,19.9561,8.1058
6100.0,-24.7759,14.9227
5900.0,20.3067,8.0364
5900.0,20.0523,8.2471
6100.0,-24.7707,14.8069
5900.0,19.9763,7.7812
6100.0,-25.1038,15.2909
5900.0,19.8342,8.1902
6100.0,-24.6503,14.7054
5900.0,20.0012,8.1021
6100.0,-25.3422,15.0326
5900.0,20.268,7.8875
5900.0,20.3025,8.1137
6100.0,-24.3095,14.4253
5900.0,19.5061,8.4327
6100.0,-24.8887,14.5872
5900.0,19.7997,7.5035
6100.0,-25.2537,14.8907
5900.0,19.582,7.6937
6100.0,-25.1682,14.8399
5900.0,20.0209,7.9178
5900.0,19.8653,8.1859
6100.0,-24.9971,14.8394
5900.0,20.136,8.0948
6100.0,-25.585,15.234
5900.0,20.1639,8.1848
6100.0,-24.6989,15.253
5900.0,19.1568,7.8907
6100.0,-25.6163,15.0897
5900.0,19.1279,8.0108
5900.0,19.9981,8.3137
6100.0,-24.7296,14.6906
5981.8129,61.6775,-6.4272
5900.0,20.4751,8.0608
6100.0,-24.9963,14.9651
5900.0,19.7999,8.1455
6100.0,-24.2631,15.5773
5900.0,19.7888,7.9996
6100.0,-25.6657,15.7482
5900.0,20.3945,7.8327
5900.0,20.3223,8.2032
6100.0,-25.3661,15.2942
5900.0,19.6181,8.2922
6100.0,-24.6118,14.7013
5900.0,20.2794,8.0306
6100.0,-24.8027,14.9677
5900.0,19.6951,7.7422
6100.0,-24.7783,15.0692
5900.0,19.7849,8.1628
5900.0,19.6177,8.1313
6100.0,-24.5215,15.0226
5900.0,19.5033,7.9388
6100.0,-25.0671,15.3288
5900.0,20.0439,8.7335
6100.0,-24.7678,15.2195
5900.0,19.4491,8.4416
6100.0,-25.2658,14.6864
5900.0,20.0599,8.1234
5900.0,20.0473,8.1334
6100.0,-25.2271,14.8138
5900.0,19.9385,8.4362
6100.0,-24.6855,15.2928
5900.0,19.8174,8.3397
6100.0,-25.0621,15.4293
5900.0,19.7423,7.9819
6100.0,-24.4526,15.073
5900.0,19.5712,8.1365
5900.0,20.5781,7.9768
6100.0,-25.3288,15.4726
5900.0,19.9212,7.6656
6100.0,-25.0244,15.0378
5900.0,19.9083,7.5222
6100.0,-25.1358,14.7331
5900.0,19.6348,8.068
6292.1353,55.7609,2.1909
6100.0,-25.5875,15.1899
5900.0,20.5276,8.8428
5900.0,19.7654,8.4306
6100.0,-25.3134,15.9179
5900.0,20.0975,7.9546
6100.0,-25.4344,14.6228
5900.0,20.173,8.0186
6100.0,-24.7959,15.4588
6097.7538,3.0118,28.9848
5900.0,20.0442,7.8775
6100.0,-24.9742,15.1717
5900.0,19.4408,7.5369
6060.0405,-24.5617,8.0027
5900.0,20.2613,7.917
6100.0,-25.7374,14.7967
5900.0,19.7616,8.0026
6100.0,-25.4294,14.4315
5900.0,20.318,8.0541
6100.0,-24.9532,14.3272
5900.0,19.7376,8.3679
6100.0,-25.5289,14.8388
5900.0,20.6317,8.1484
5900.0,20.3895,8.3726
6100.0,-25.3325,15.1189
5900.0,20.452,8.1842
6100.0,-24.8778,15.2681
5900.0,20.2393,8.1559
6100.0,-24.699,15.3422
5900.0,19.5611,8.2102
6100.0,-25.0008,15.091
5900.0,19.4577,7.7616
5900.0,20.5214,8.2521
6100.0,-24.7954,15.0425
5900.0,20.595,7.9185
6100.0,-25.1589,14.9003
5900.0,19.5391,7.9279
6100.0,-25.327,15.1265
5900.0,20.0408,8.0237
6100.0,-25.0376,14.801
5900.0,20.4535,7.8916
5900.0,20.1408,7.7034
6100.0,-25.2649,14.6369
5900.0,20.1801,8.0009
6100.0,-24.6085,15.0236
5900.0,19.7001,7.9293
6100.0,-25.3451,15.2426
5900.0,19.9263,7.919
6100.0,-25.2242,14.578
5780.0975,-46.3645,24.4117
5900.0,20.7085,7.9705
5900.0,19.9024,7.3708
6100.0,-24.5915,14.8389
5900.0,19.6423,7.9211
6100.0,-25.1636,15.0124
5898.4194,-16.3322,18.7398
5900.0,19.7257,8.4145
6100.0,-24.543,15.006
5900.0,19.934,8.3865
6100.0,-25.4796,15.1632
5900.0,20.0247,8.0112
5900.0,19.9645,8.0011
6100.0,-25.194,15.5664
5900.0,20.6875,7.3041
6100.0,-25.0004,14.3295
5900.0,19.1994,7.837
6100.0,-24.8571,15.5834
5900.0,20.0058,8.207
6100.0,-24.3696,15.5493
6156.4527,49.5603,13.8806
5900.0,20.1892,7.8847
6191.9311,-3.3111,26.6173
5900.0,20.4076,8.3091
6100.0,-25.4079,15.2736
5900.0,20.0736,8.2888
6100.0,-25.2888,15.0673
5900.0,20.1091,7.8316
6100.0,-25.5092,14.8067
5900.0,20.2791,8.0332
5899.3678,2.4312,13.794
6100.0,-25.2705,15.2696
5900.0,20.0005,8.4419
6080.2306,-9.0347,0.7135
5900.0,19.0197,7.5747
6100.0,-24.6797,15.083
5900.0,19.5252,7.891
6100.0,-25.5402,14.9065
5900.0,19.8982,7.5478
6100.0,-25.2984,15.2609
5900.0,19.6059,7.7417
6100.0,-24.5287,15.3169
5900.0,20.983,8.5405
5900.0,19.8353,7.8909
6100.0,-25.3021,14.1781
5900.0,19.5403,7.4276
6100.0,-25.7068,15.4265
5900.0,19.9532,7.7006
6100.0,-25.1605,14.7748
5900.0,19.9661,7.5199
6220.1052,54.9826,0.2941
6100.0,-24.3429,15.3795
5900.0,19.6952,8.0446
5900.0,20.1465,8.1252
6100.0,-24.9902,14.912
5900.0,19.4718,8.2564
6100.0,-25.0528,15.0681
5900.0,19.6799,8.1899
6100.0,-24.36,15.1267
5904.2933,42.7242,-2.4459
5900.0,19.9957,7.5871
6100.0,-24.7096,15.3508
5900.0,19.8735,8.1096
5900.0,20.2452,7.9577
6204.9686,4.0857,15.4444
6100.0,-25.4679,15.2265
5900.0,20.6127,8.3023
6100.0,-25.1178,14.2452
5900.0,19.8973,8.225
6100.0,-25.8513,14.6946
5900.0,20.7735,8.5881
6100.0,-24.7875,15.0341
5900.0,19.5088,7.722
5900.0,20.594,7.6825
6100.0,-24.9263,15.5853
6006.0998,-0.3782,2.542
5900.0,19.471,7.8541
6100.0,-25.5076,14.9918
5900.0,20.1681,7.9693
6100.0,-24.8782,14.7791
5900.0,19.7398,7.7977
6100.0,-24.9887,14.52
5900.0,19.7151,7.7361
5900.0,20.9127,8.0893
6100.0,-24.436,14.7955
5900.0,20.3547,7.8533
5899.718,-52.8816,-5.0783
6100.0,-24.1874,14.9903
5900.0,19.9256,7.7859
6100.0,-24.5888,14.984
5900.0,18.9393,7.5866
5842.8288,-40.1849,16.332
6100.0,-25.0123,14.8248
5900.0,19.2758,7.3251
5900.0,19.5219,8.3975
6100.0,-24.9524,15.0954
5900.0,19.9822,8.3872
6100.0,-25.3137,14.9625
5900.0,20.1644,8.2348
6100.0,-25.244,15.6899
5900.0,19.6396,8.1572
6100.0,-25.0359,15.4636
5900.0,20.2915,7.827
5900.0,20.2238,8.1699
6100.0,-25.0782,15.0778
5806.6887,-37.7311,-4.3547
5900.0,19.7802,7.6632
6100.0,-25.5285,14.8659
5900.0,19.5263,8.026
6100.0,-24.9158,15.4758
5900.0,20.1308,7.7622
6100.0,-24.9112,15.4151
5900.0,20.0106,8.1712
5900.0,20.2473,8.4656
6100.0,-24.7437,15.4882
5900.0,20.5108,7.6996
6100.0,-25.0236,15.7171
5900.0,20.6734,7.8407
6100.0,-25.1942,14.7701
5900.0,20.4179,8.0204
6100.0,-25.484,15.6993
5900.031,-9.6951,30.3611
5900.0,19.8351,7.4577
5900.0,19.9314,7.5322
6100.0,-24.6722,14.8998
5900.0,20.3869,8.455
6100.0,-24.5004,15.2063
5900.0,19.6812,8.0906
6100.0,-24.2135,14.5357
5900.0,19.7098,7.8115
6100.0,-25.1061,14.8612
5900.0,20.3098,7.9884
5900.0,20.6959,7.8553
6100.0,-25.7895,15.3181
5900.0,20.3997,8.0292
6100.0,-25.1082,15.2219
5900.0,20.3183,7.8659
6100.0,-24.0561,14.894
5900.0,19.9802,7.9654
6100.0,-25.1685,15.0356
5900.0,19.6656,8.1986
5900.0,20.2601,8.1781
6100.0,-24.6051,14.83
5900.0,20.6148,8.4348
6100.0,-25.2524,15.3172
5900.0,19.85,8.1119
6100.0,-24.8485,14.3866
5900.0,19.7506,8.007
6222.1846,27.9392,-5.2424
6100.0,-25.4902,15.4504
5900.0,19.7601,8.486
5900.0,20.1455,7.9346
6100.0,-24.8392,14.7713
5900.0,20.4774,7.3488
6100.0,-25.0682,15.004
5900.0,19.1944,8.2388
6100.0,-24.7057,14.5925
5900.0,20.0242,8.0751
6100.0,-25.3364,15.0819
5900.0,19.4694,7.993
5900.0,20.8014,8.2473
6100.0,-25.0399,15.1716
5900.0,20.0679,7.8683
6100.0,-25.4918,15.1071
5900.0,19.8422,7.3612
6100.0,-24.5634,15.146
5900.0,20.1031,8.2536
6100.0,-24.9444,14.9712
5900.0,19.3698,7.8016
5900.0,19.537,7.7104
6100.0,-25.3339,14.9784
5900.0,20.0214,7.3747
6100.0,-24.4961,14.9643
5900.0,20.2457,8.2262
6100.0,-25.3559,14.8523
5900.0,19.8996,7.2558
6100.0,-24.9197,14.8879
5900.0,19.6014,8.3699
5900.0,18.8888,7.8957
6100.0,-24.8059,15.1569
5900.0,19.528,8.2414
6100.0,-24.6444,15.4271
5900.0,19.73,8.1212
6100.0,-24.6017,14.7197
5900.0,20.2262,8.5509
6100.0,-25.3614,14.9773
5900.0,19.9188,8.1128
5900.0,19.406,8.3571
6100.0,-25.1805,14.6585
6056.0041,58.0991,-3.7599
5900.0,19.6958,7.8318
5901.6886,25.3238,2.9539
6100.0,-25.1767,14.8576
5900.0,19.9911,7.5311
6100.0,-25.2687,14.9053
5900.0,20.0915,8.2902
6100.0,-24.5286,15.0598
5900.0,20.1172,7.5233
5900.0,19.9505,8.2226
6100.0,-24.0113,15.0512
5900.0,19.2488,7.6776
6100.0,-25.116,15.0012
5900.0,20.3506,8.081
6100.0,-24.8974,15.1306
5900.0,20.1648,8.5578
6100.0,-24.1693,14.7464
5900.0,20.1874,8.1974
5900.0,21.0843,7.9359
6100.0,-24.6564,15.0623
5922.4329,-53.2533,11.9187
5900.0,19.6808,8.1283
6100.0,-25.6284,15.2312
5900.0,20.1756,7.842
6100.0,-24.493,14.7428
5900.0,19.587,8.693
6100.0,-25.0036,14.4824
5900.0,20.1307,7.7803
5900.0,20.3664,7.9673
6100.0,-25.5035,15.3144
5900.0,19.8988,8.1687
6100.0,-25.1866,14.6674
5794.9007,-46.3655,30.154
5900.0,19.4832,8.1058
6100.0,-24.9082,14.8433
5900.0,20.7652,8.1399
6100.0,-25.1883,15.2218
5900.0,19.8495,7.8479
5900.0,19.8359,7.9238
6100.0,-25.4647,14.7284
5900.0,19.8489,8.2749
6100.0,-24.9384,15.2908
5900.0,19.3067,8.2586
6100.0,-24.5047,14.8005
5900.0,19.8481,8.1131
6100.0,-24.625,14.7648
5900.0,19.5492,8.3986
5900.8891,-39.3926,-4.9455
5900.0,20.4983,8.2879
6100.0,-24.2695,14.6599
5900.0,19.3941,8.2487
5851.1543,-57.8794,-2.4241
6100.0,-24.4686,14.8031
5900.0,20.1619,7.5184
6100.0,-24.1947,15.1774
5900.0,19.9903,8.1094
6100.0,-25.4064,14.8433
5900.0,20.2224,8.0532
5900.0,20.1165,8.4421
6100.0,-24.6875,15.3158
5900.0,20.4904,7.1399
6100.0,-25.0283,15.0134
5900.0,19.873,7.9506
6100.0,-24.6967,15.0395
5900.0,19.2992,8.0283
6100.0,-25.5174,14.7561
5900.0,20.4995,7.674
5900.0,20.1346,7.7253
6100.0,-24.906,15.3646
5900.0,19.7312,8.4432
6100.0,-24.3536,15.2339
5900.0,19.783,8.1387
6100.0,-24.8851,15.2246
5900.0,19.2515,8.5587
6100.0,-25.2667,14.954
5900.0,20.2411,7.9453
5900.0,20.2302,7.5771
6100.0,-25.3297,14.6254
5900.0,20.473,7.9028
6100.0,-24.8666,15.0557
5900.0,19.9184,7.8525
6100.0,-24.7249,15.1638
5900.0,19.7677,8.2084
6100.0,-24.9029,15.167
5900.0,20.1024,8.1955
5900.0,19.9965,8.154
6100.0,-25.0171,15.1239
5900.0,19.8325,8.6689
6100.0,-25.2905,15.1109
5900.0,19.3728,8.3783
6100.0,-24.7326,14.7991
5900.0,20.5472,7.7444
6100.0,-24.9793,14.8129
5900.0,20.8917,8.2986
5996.0905,-53.6458,9.6407
5900.0,20.3885,8.0084
6100.0,-25.2106,14.6625
5900.0,19.9131,7.9372
6100.0,-24.4937,15.3197
5900.0,20.1562,8.4204
6100.0,-24.785,15.5917
5900.0,20.0725,7.7266
6100.0,-25.0757,15.9095
5900.0,20.3298,8.2763
5900.0,20.2619,8.2236
6100.0,-25.091,15.0766
5900.0,19.8916,7.7213
6100.0,-25.1591,15.1117
5895.7594,-55.6615,0.8052
5900.0,19.6527,7.5094
6100.0,-24.6658,14.9658
5900.0,20.0948,7.975
6100.0,-24.2893,15.0717
5900.0,19.824,7.1133
5900.0,19.5011,8.3363
6100.0,-24.8918,14.7273
5900.0,19.7341,8.1082
6100.0,-24.8326,14.9598
5900.0,19.4437,8.4316
5983.3765,63.7575,31.8506
6100.0,-25.2433,14.7671
5900.0,19.9424,8.087
6100.0,-23.9313,14.921
5900.0,20.9303,8.4549
5900.0,19.8774,7.822
6100.0,-25.5828,14.7905
5900.0,19.8698,8.153
6100.0,-25.0206,15.164
5900.0,19.9579,7.8814
6100.0,-24.7781,15.203
5900.0,20.5869,7.9657
6100.0,-25.2579,15.1021
5900.0,20.9198,8.0272
5900.0,20.7141,8.1072
6100.0,-25.3504,14.8141
6287.773,-54.5116,4.9429
6095.4331,-52.6196,10.1277
5900.0,20.3852,7.7826
6100.0,-25.3671,14.6435
5900.0,19.6585,8.1379
6100.0,-24.5743,15.2066
5900.0,20.3954,8.0121
6100.0,-24.6093,15.0118
5900.0,19.4854,7.5919
5919.8312,-41.554,20.644
5900.0,19.4291,7.4697
6100.0,-24.6893,14.4716
5900.0,20.0438,8.3375
6100.0,-24.6548,15.0531
5900.0,19.9946,7.3219
6100.0,-24.7492,15.114
5900.0,19.9237,7.9512
6100.0,-25.3948,14.5506
5900.0,20.8384,7.5629
5900.0,19.8437,8.5118
6100.0,-25.2848,15.1695
5900.0,20.18,8.169
6100.0,-24.724,14.5896
5900.0,20.0458,8.099
6100.0,-25.3924,14.783
5900.0,20.311,7.7572
6100.0,-25.1429,14.5914
5900.0,20.3512,7.5881
5900.0,20.1313,8.0536
6100.0,-25.5688,14.7534
5914.2694,-33.673,13.5357
5900.0,19.7535,7.9932
6100.0,-24.9655,14.6458
5900.0,19.751,7.6785
6100.0,-25.0463,15.3176
5900.0,19.8586,7.6688
6100.0,-25.5207,14.9381
5900.0,20.1291,7.655
5900.0,20.2848,7.6456
6100.0,-24.5901,14.8745
5900.0,19.7735,7.8126
6100.0,-25.2295,15.349
5900.0,20.5301,8.0991
6093.2892,-43.9948,16.4889
6100.0,-25.1225,15.3313
5900.0,19.9153,8.1496
6100.0,-24.8284,14.8971
5900.0,19.1571,7.9871
5881.893,-42.5923,29.1907
5900.0,20.799,8.0397
6100.0,-24.8081,15.0961
5900.0,20.0272,8.1644
6100.0,-24.5916,14.8355
5900.0,20.3582,7.4008
5725.802,6.2743,2.0244
6100.0,-24.9835,14.9815
5900.0,19.3271,8.0631
5902.6651,28.7651,0.8679
6100.0,-24.7183,14.6924
5900.0,19.714,8.3936
5900.0,19.8739,7.4196
6100.0,-24.5932,15.1399
5900.0,19.4928,7.1751
6100.0,-25.5268,15.3625
5846.6927,-24.0658,28.0948
5900.0,19.9063,7.9435
6100.0,-24.1064,15.3006
5900.0,19.8302,8.3237
6100.0,-24.4292,15.0256
5900.0,20.4794,7.9489
5900.0,19.1461,8.1852
6100.0,-25.6646,14.4468
5900.0,20.2221,8.0928
6100.0,-24.898,14.8224
5900.0,20.3926,7.6506
6100.0,-25.3658,14.9812
5900.0,20.8035,7.7122
6100.0,-24.7538,14.5642
5900.0,20.2997,7.4938
5900.0,19.6279,8.4549
6100.0,-25.1796,15.453
5900.0,19.8956,8.252
6100.0,-25.4301,15.2609
5900.0,20.0948,7.9685
6100.0,-25.1939,15.1637
5900.0,20.5455,7.929
6100.0,-24.5611,15.2224
5900.0,19.2877,7.759
5900.0,20.2205,8.1187
6100.0,-24.6363,14.6545
5900.0,19.3732,7.7827
6100.0,-24.5545,14.7442
5900.0,19.7673,7.8904
6100.0,-24.8962,15.0775
5900.0,19.4496,7.8115
6177.88,19.7551,18.5169
6100.0,-24.806,15.1011
5900.0,19.7086,8.2315
5900.0,20.3236,7.9563
6100.0,-25.3375,14.595
5900.0,19.8432,8.042
6100.0,-24.6511,15.0558
5900.0,19.6734,7.656
6100.0,-24.5402,14.9866
5900.0,19.6239,7.8096
6100.0,-25.5621,15.2898
5900.0,19.5346,8.0486
5900.0,20.2919,7.5239
6100.0,-25.1481,15.1026
5900.0,20.0101,7.934
6100.0,-25.259,15.4933
5900.0,20.1366,7.9961
6100.0,-25.3506,14.8988
5900.0,19.4186,7.6213
6101.4092,-18.8422,17.615
6100.0,-24.957,14.6723
5900.0,20.0118,8.3086
5900.0,19.1143,8.1037
6100.0,-24.8678,15.4836
5900.0,20.4758,7.9541
6100.0,-25.1962,15.1185
5900.0,20.2201,7.7891
6100.0,-26.0998,14.9883
5900.0,19.9523,7.5137
6100.0,-25.1252,14.7545
5900.0,19.0623,8.2828
5900.0,19.606,7.8633
6100.0,-24.5674,14.9021
5900.0,19.4454,7.577
6100.0,-25.071,14.8868
5900.0,19.9305,7.7811
6100.0,-25.7667,14.6604
5900.0,20.1512,8.1358
6100.0,-24.6156,14.367
5900.0,20.1283,8.0716
6023.0697,-48.8774,7.709
5900.0,20.6311,7.6797
6100.0,-25.3065,14.8801
5900.0,19.978,8.3398
6100.0,-24.3026,15.2306
5900.0,20.5058,7.5735
5887.9952,-15.7505,24.8622
6100.0,-25.2229,15.3914
5900.0,19.8751,8.4074
6100.0,-25.2962,15.3027
5900.0,20.2032,8.0586
5900.0,19.9129,7.8849
6100.0,-25.5436,15.322
5900.0,20.1153,7.9243
6100.0,-25.1625,14.6914
5900.0,19.983,8.0236
6100.0,-25.0869,15.0832
5900.0,19.7288,8.1596
6100.0,-25.1979,15.1662
5900.0,21.1657,7.4669
5900.0,20.1296,7.7719
6100.0,-25.2332,15.1861
5894.09,-47.4133,28.986
5900.0,20.231,8.014
6100.0,-24.8231,14.9817
5900.0,20.3047,8.3527
6100.0,-25.1766,15.0455
5900.0,20.077,8.3396
6100.0,-24.7799,15.6185
5900.0,19.0623,8.4771
5900.0,20.15,8.3234
6100.0,-24.6242,15.2928
5990.2799,-31.2262,1.6596
5900.0,19.512,7.7508
6100.0,-23.7646,15.1548
5900.0,20.0584,7.9949
6100.0,-24.8061,15.2112
5900.0,20.1132,8.3254
6100.0,-25.4036,14.8668
5900.0,19.2939,8.2921
5859.0464,28.2775,29.9841
5900.0,20.0033,7.9389
6100.0,-25.2025,15.1943
5900.0,19.4116,8.1509
6100.0,-25.0697,15.0415
5900.0,19.0344,8.1945
6100.0,-24.565,15.2589
5900.0,19.4032,8.016
6100.0,-25.0647,14.799
5900.0,19.9523,8.3509
5900.0,19.9285,7.7918
6100.0,-24.5459,15.2322
5900.0,19.7974,8.3819
6100.0,-25.6425,14.9061
5900.0,20.2145,7.8843
6100.0,-24.9338,15.2336
5900.0,19.9054,7.5298
6100.0,-24.636,15.0852
5900.0,20.1554,7.4721
5900.0,20.3007,8.0386
6100.0,-24.7659,15.0192
5900.0,20.9548,7.67
6100.0,-25.2695,14.9216
5900.0,19.9589,8.5395
6100.0,-24.9924,14.9896
5900.0,20.4766,7.7911
6100.0,-25.7542,14.8808
5900.0,20.0896,8.0006
5900.0,20.1128,7.7904
6100.0,-24.9775,14.9156
5900.0,19.9643,7.5206
6100.0,-25.0987,15.1464
5900.0,20.054,8.135
6100.0,-25.4316,14.5116
5900.0,19.909,7.5155
6100.0,-25.1393,15.2292
5900.0,20.3954,8.1094
5900.0,19.7096,7.9158
6100.0,-24.325,15.2346
5900.0,19.3997,7.6924
6100.0,-25.5873,14.9303
5900.0,19.7849,8.3685
6100.0,-24.8973,15.0533
5900.0,19.7442,8.1921
6100.0,-24.7843,14.7249
5900.0,19.7847,8.0744
5900.0,19.9434,8.2619
6100.0,-24.974,15.1261
5900.0,19.7861,7.5282
6100.0,-24.6697,14.7583
5900.0,19.4472,7.8404
6100.0,-25.1381,14.1889
5900.0,19.5004,8.1231
6100.0,-25.2486,14.8427
5900.0,19.8137,8.7124
5900.0,19.3049,8.0611
6100.0,-25.4078,15.0497
5900.0,19.5488,7.852
5898.1132,42.6653,25.9863
6100.0,-25.0224,14.3222
5900.0,20.0566,7.3024
5896.5188,58.9446,7.8046
6100.0,-24.9138,14.7215
5900.0,20.0947,8.5709
6100.0,-24.8057,14.6154
5900.0,19.8186,8.0779
5900.0,20.41,7.9508
6100.0,-24.988,14.9151
6180.0468,26.4756,-1.538
5900.0,19.7676,7.3173
6100.0,-24.8788,15.0374
5900.0,20.2564,7.966
6100.0,-25.1021,14.5391
5900.0,19.5949,8.038
6100.0,-25.5909,14.8248
5900.0,19.7665,7.8415
5900.0,20.2425,7.5985
6100.0,-25.0033,14.8175
5900.0,20.4189,7.5807
6100.0,-24.7499,14.9162
5900.0,19.7349,8.5769
6100.0,-25.386,14.9166
5900.0,20.4509,8.0293
6100.0,-24.9097,15.0975
5900.0,19.6238,7.8412
5900.0,20.0293,8.0113
6100.0,-24.2486,14.7993
5900.0,19.9637,7.9908
6100.0,-25.0294,15.1278
5900.0,19.9142,7.5674
6100.0,-25.0094,14.8498
6096.8958,37.5885,3.2526
5900.0,19.7934,8.2744
6100.0,-25.6197,14.8467
5900.0,19.4527,7.9431
5900.0,19.6721,8.0334
6100.0,-25.4295,14.482
5900.0,19.8445,8.4432
6100.0,-25.3183,14.6859
5900.0,20.2026,7.6065
6100.0,-24.7665,15.1803
5900.0,20.2685,7.7676
6100.0,-25.3616,14.9219
5900.0,19.7692,8.0941
5900.0,19.8033,8.2679
6100.0,-25.7433,14.8517
5900.0,19.6902,7.8143
6100.0,-24.8404,15.2475
5900.0,19.7375,7.8303
6100.0,-25.2852,15.3156
5900.0,20.4397,8.1886
6100.0,-25.6063,14.6257
5900.0,20.684,8.6803
5900.0,19.5877,8.0211
6100.0,-24.7161,15.5013
5900.0,19.5295,7.7667
6100.0,-24.8026,14.9879
5900.0,19.748,7.6829
6097.6074,53.3117,-0.7596
6100.0,-25.8781,14.3933
5900.0,19.5792,7.9567
5935.7147,-10.4444,-1.0072
6100.0,-24.9482,14.8926
5900.0,19.5133,8.2526
5900.0,19.6329,8.8429
6100.0,-25.4423,15.0197
5900.0,19.8194,8.0216
6100.0,-24.9539,15.2833
5900.0,19.4819,8.5118
6100.0,-24.9454,15.3685
5900.0,20.4478,8.0891
5899.2331,9.6179,-1.7504
6100.0,-24.9968,14.9654
5900.0,19.4613,8.0632
5900.0,19.5514,8.4387
6100.0,-24.5743,14.7065
5900.0,20.3237,8.0286
6100.0,-23.8742,15.1126
5900.0,19.0254,7.705
6100.0,-24.8477,15.1575
5900.0,20.2751,8.3639
6100.0,-24.2491,15.2378
5900.0,20.4437,7.5224
5900.0,20.1206,8.3047
6100.0,-25.642,15.421
5900.0,19.3367,7.9976
6100.0,-25.1364,15.0321
5900.0,20.1095,7.9098
6100.0,-25.5117,15.1579
5975.3467,-16.9688,2.9681
5900.0,19.2591,7.9023
6100.0,-25.2605,15.0301
5900.0,19.8691,7.9556
5900.0,19.7746,7.8671
6100.0,-25.1136,15.5775
5900.0,19.9841,8.1327
6100.0,-24.2071,15.014
5900.0,19.8782,7.8771
6100.0,-24.9744,14.888
5900.0,20.0369,7.4237
6100.0,-24.5576,14.9013
6137.5627,5.2185,28.9289
5900.0,20.1908,7.9998
5900.0,20.0159,8.2882
6100.0,-25.1685,15.2936
5900.0,19.2189,7.4078
6100.0,-25.2153,14.9887
5900.0,20.1095,7.9979
5899.0852,-55.478,-0.8746
6100.0,-25.6325,15.2113
5900.0,20.0681,7.8614
6100.0,-24.2237,15.2164
5900.0,20.2657,8.2798
5900.0,20.1936,7.9218
6100.0,-24.4153,14.7462
5900.0,19.1569,8.2308
6100.0,-24.9055,14.7171
5900.0,20.4887,8.1934
6100.0,-25.0911,15.2317
5900.0,19.6481,8.2021
6100.0,-24.9593,14.5762
5900.0,20.3442,8.4676
5900.0,19.6496,7.9321
6100.0,-25.526,14.5857
5900.0,20.2989,8.0172
6100.0,-24.8034,15.6192
5900.0,19.5531,8.1244
6100.0,-24.455,14.4312
5900.0,20.2315,8.0264
6100.0,-24.4316,15.2809
5900.0,20.0878,7.9224
5900.0,20.5913,7.7298
6100.0,-25.6181,14.909
5900.0,19.7651,8.0033
6100.0,-24.5618,15.1651
5900.0,20.3516,7.5508
6100.0,-25.5236,15.1832
5900.0,19.4759,7.3887
6100.0,-25.855,14.9332
5900.0,20.0131,7.6645
5900.0,19.8462,8.1984
6100.0,-24.5448,15.0055
5900.0,19.7434,8.0694
6100.0,-25.1996,15.2668
5900.0,19.8803,8.2016
6100.0,-24.6101,15.393
5900.0,20.1901,7.7924
6100.0,-24.6503,15.3244
5900.0,19.9325,8.3131
5900.0,20.1574,7.5809
6100.0,-24.7068,15.0797
5900.0,20.2622,7.6746
6100.0,-24.9642,14.9288
5900.0,20.565,8.3072
6100.0,-25.4849,14.7134
5900.0,20.116,8.0472
6100.0,-25.1128,15.0724
5900.0,19.9164,8.2036
5800.4756,34.4257,25.4368
5900.0,19.8517,8.0707
6100.0,-24.4237,14.9875
5900.0,20.3488,7.8315
6100.0,-24.5986,15.3238
5811.8732,-22.9831,15.6431
5900.0,19.7535,7.6417
6100.0,-25.0926,15.1784
5900.0,19.5742,7.4515
6100.0,-25.0974,15.3966
5900.0,20.2919,8.5427
5900.0,20.5701,7.5122
6100.0,-24.7457,14.6429
5900.0,20.2899,8.4266
6100.0,-24.9354,15.4944
5900.0,19.8173,8.0304
6100.0,-25.0725,15.1343
5900.0,19.1968,8.08
6100.0,-24.7816,14.689
5900.0,19.5746,8.0599
5900.0,19.3755,8.1629
6100.0,-24.7957,14.5818
5900.0,20.4098,7.765
6100.0,-25.2502,15.3227
5900.0,19.5452,7.3532
6100.0,-24.8573,14.9087
5900.0,19.8934,7.8255
6100.0,-24.8214,14.982
5900.0,19.3796,8.1359
5900.0,19.82,7.6773
6100.0,-24.995,15.197
5900.0,19.7782,8.3214
6100.0,-25.2909,15.0121
5900.0,20.2412,7.961
5904.2894,-26.6448,18.3504
6100.0,-25.1249,14.5243
5900.0,20.2476,7.6517
6100.0,-25.3682,15.4705
5900.0,20.0129,8.0442
5900.0,19.8121,8.1306
6100.0,-24.8461,14.6029
5900.0,19.6878,8.1529
6100.0,-25.6161,14.9664
5900.0,20.2207,7.1249
6100.0,-24.3755,14.944
6029.8614,-25.2412,28.2966
5900.0,20.4761,7.0857
6100.0,-24.4772,15.1056
5900.0,19.7536,8.3076
5900.0,19.8731,7.5601
6100.0,-24.8115,14.5993
5900.0,19.5625,8.3081
6100.0,-24.625,14.8995
5900.0,19.2314,8.3387
5757.29,29.6236,28.6131
6100.0,-24.6548,14.7557
5900.0,19.978,7.6423
6100.0,-24.9292,15.1056
5900.0,19.7668,7.6948
5900.0,20.3465,8.2197
6100.0,-25.0616,15.1214
5900.0,19.3123,7.8789
6100.0,-25.1066,14.8053
5900.0,19.6547,8.3881
6100.0,-24.3578,15.3147
5900.0,19.46,8.4813
6100.0,-25.3043,15.1705
5900.0,19.9867,7.6514
5900.0,19.7291,7.7595
6100.0,-25.2971,14.6446
5900.0,19.4902,8.0284
6100.0,-24.5865,14.4888
5900.0,19.5088,7.3459
6100.0,-24.6293,14.9242
5900.0,19.8481,7.4591
6100.0,-25.0846,15.1229
5900.0,19.6991,7.7273
5900.0,19.6515,8.6003
6100.0,-24.7675,14.7521
5900.0,20.0226,8.0736
6100.0,-24.7129,15.034
5900.0,19.2894,7.8038
6100.0,-25.5024,14.949
5900.0,20.0861,7.6926
6100.0,-24.4475,15.503
5900.0,20.3632,7.6392
5900.0,19.8855,7.8242
6100.0,-24.7131,14.6429
5900.0,20.0657,7.8079
6100.0,-24.8038,15.2553
5900.0,19.8916,7.9292
6100.0,-24.7097,15.2355
5900.0,19.7062,8.1455
6100.0,-24.8547,14.9783
5900.0,20.0954,7.9734
5900.0,19.8278,8.239
6100.0,-25.2433,14.4306
5900.0,19.9057,7.908
6100.0,-24.8641,15.0558
5900.0,20.0419,8.509
6099.6609,42.6063,22.8324
6100.0,-24.777,14.5987
5900.0,19.4639,8.231
6100.0,-24.742,15.6164
5900.0,19.2427,8.0652
5900.0,20.63,8.1466
6100.0,-24.9686,14.9815
6000.1578,34.8215,2.715
5900.0,20.0683,7.8319
6100.0,-24.8764,15.6097
5900.0,20.0124,7.9244
6053.7038,-23.662,11.342
6100.0,-25.4095,15.061
5900.0,19.6856,7.913
6100.0,-25.3199,14.8359
5900.0,20.0794,7.7698
5900.0,19.6775,7.5919
6100.0,-25.0198,15.4042
5900.0,20.1563,8.1636
6100.0,-24.2796,15.1344
5900.0,20.0927,8.2896
6100.0,-25.1506,15.7478
5900.0,20.0351,8.1176
6100.0,-25.171,14.8287
5900.0,20.1215,7.9725
5900.0,19.7877,8.6642
6100.0,-25.71,15.4188
