row,true_label,predicted_cluster,distance_to_centroid,is_ground_truth_noise
1,Emitter_1,1,0.9767922319,0
2,Emitter_2,6,0.8006664984,0
3,Emitter_1,1,0.9746110866,0
4,Emitter_2,6,0.7935589758,0
5,Emitter_1,1,0.9714123728,0
6,Emitter_2,6,0.7903071127,0
7,Emitter_1,1,0.9645834136,0
8,Emitter_1,1,0.9621828068,0
9,Emitter_2,6,0.7912130526,0
10,Emitter_1,1,0.9600124707,0
11,Emitter_2,6,0.7812769618,0
12,Emitter_1,1,0.9582586887,0
13,Emitter_2,6,0.7815529839,0
14,Emitter_1,1,0.9519101591,0
15,Emitter_2,6,0.772473243,0
16,Emitter_1,1,0.9487864942,0
17,Emitter_1,1,0.9439768602,0
18,Emitter_2,6,0.7686650975,0
19,Emitter_1,1,0.9408709265,0
20,Emitter_2,6,0.7662729281,0
21,Emitter_1,1,0.9371661152,0
22,Emitter_2,6,0.7589918383,0
23,Emitter_1,1,0.9333567649,0
24,Emitter_2,6,0.7585569673,0
25,Emitter_1,1,0.9306747742,0
26,Emitter_1,1,0.9273645131,0
27,Emitter_2,6,0.7506586277,0
28,Emitter_1,1,0.9240558029,0
29,Emitter_2,6,0.7560763476,0
30,Emitter_1,1,0.9204616233,0
31,Emitter_2,6,0.7693266261,0
32,Emitter_1,1,0.9204297707,0
33,Emitter_2,6,0.7394196158,0
34,Emitter_1,1,0.9136372509,0
35,Emitter_1,1,0.9107648398,0
36,Emitter_2,6,0.7360612557,0
37,Emitter_1,1,0.9070703288,0
38,Emitter_2,6,0.7306619771,0
39,Emitter_1,1,0.9024928653,0
40,Emitter_2,6,0.7244381972,0
41,Emitter_1,1,0.8990376213,0
42,Emitter_2,6,0.7206852039,0
43,Emitter_1,1,0.8958084565,0
44,Emitter_1,1,0.8920076394,0
45,Emitter_2,6,0.7150269682,0
46,Noise,2,3.129636,1
47,Emitter_1,1,0.8899736409,0
48,Emitter_2,6,0.7118736695,0
49,Emitter_1,1,0.8849575499,0
50,Emitter_2,6,0.7127106319,0
51,Emitter_1,1,0.8818412927,0
52,Emitter_2,6,0.7083002286,0
53,Emitter_1,1,0.8851879687,0
54,Emitter_1,1,0.8778303494,0
55,Emitter_2,6,0.6984571113,0
56,Emitter_1,1,0.8711891914,0
57,Emitter_2,6,0.7013249968,0
58,Emitter_1,1,0.8689913517,0
59,Emitter_2,6,0.698572049,0
60,Emitter_1,1,0.8666565042,0
61,Emitter_2,6,0.7066010617,0
62,Emitter_1,1,0.8606812725,0
63,Emitter_1,1,0.8572615352,0
64,Emitter_2,6,0.6810169876,0
65,Emitter_1,1,0.8561869464,0
66,Emitter_2,6,0.6926070232,0
67,Emitter_1,1,0.8513154635,0
68,Emitter_2,6,0.6793051262,0
69,Emitter_1,1,0.848685342,0
70,Emitter_2,6,0.6736473919,0
71,Emitter_1,1,0.8434088155,0
72,Noise,4,3.274176152,1
73,Noise,1,1.932665633,1
74,Emitter_1,1,0.8398861885,0
75,Emitter_2,6,0.6634926571,0
76,Emitter_1,1,0.8369877993,0
77,Emitter_2,6,0.6599415433,0
78,Emitter_1,1,0.8328305764,0
79,Emitter_2,6,0.6560175515,0
80,Emitter_1,1,0.8305637109,0
81,Emitter_2,6,0.6518939499,0
82,Emitter_1,1,0.8258628171,0
83,Emitter_1,1,0.8235331611,0
84,Emitter_2,6,0.6573732615,0
85,Emitter_1,1,0.8190593795,0
86,Emitter_2,6,0.6429608299,0
87,Emitter_1,1,0.8153874951,0
88,Emitter_2,6,0.6475437834,0
89,Emitter_1,1,0.8168898109,0
90,Noise,4,4.756771723,1
91,Emitter_2,6,0.6333894883,0
92,Emitter_1,1,0.8105612342,0
93,Emitter_1,1,0.8066614194,0
94,Emitter_2,6,0.6347726994,0
95,Emitter_1,1,0.8078039855,0
96,Emitter_2,6,0.6246254211,0
97,Emitter_1,1,0.8004501856,0
98,Emitter_2,6,0.619848619,0
99,Emitter_1,1,0.7946073801,0
100,Emitter_2,6,0.6171368894,0
101,Emitter_1,1,0.791223904,0
102,Emitter_1,1,0.7951231369,0
103,Emitter_2,6,0.6140698409,0
104,Emitter_1,1,0.7847892021,0
105,Emitter_2,6,0.6067788476,0
106,Emitter_1,1,0.7855784888,0
107,Emitter_2,6,0.6030662367,0
108,Emitter_1,1,0.7776537411,0
109,Emitter_2,6,0.5992059814,0
110,Emitter_1,1,0.7739430192,0
111,Emitter_1,1,0.771075707,0
112,Emitter_2,6,0.5947440768,0
113,Emitter_1,1,0.7672554528,0
114,Emitter_2,6,0.596000364,0
115,Noise,2,3.587399068,1
116,Emitter_1,1,0.7705977994,0
117,Emitter_2,6,0.5904870696,0
118,Emitter_1,1,0.7610422831,0
119,Emitter_2,6,0.5987213145,0
120,Emitter_1,1,0.7603146764,0
121,Emitter_1,1,0.7547357064,0
122,Emitter_2,6,0.5770250082,0
123,Emitter_1,1,0.7540277822,0
124,Emitter_2,6,0.5754981752,0
125,Emitter_1,1,0.746234775,0
126,Emitter_2,6,0.5778154255,0
127,Emitter_1,1,0.7450126398,0
128,Emitter_2,6,0.5635028486,0
129,Emitter_1,1,0.7424044524,0
130,Emitter_1,1,0.7665295569,0
131,Emitter_2,6,0.5597490165,0
132,Emitter_1,1,0.7344287506,0
133,Emitter_2,6,0.5560231367,0
134,Emitter_1,1,0.7298674345,0
135,Emitter_2,6,0.5528719205,0
136,Emitter_1,1,0.7254230186,0
137,Emitter_2,6,0.5467759287,0
138,Emitter_1,1,0.7217398096,0
139,Emitter_1,1,0.719065274,0
140,Emitter_2,6,0.5429055162,0
141,Emitter_1,1,0.7172693301,0
142,Emitter_2,6,0.5387056417,0
143,Emitter_1,1,0.7119769772,0
144,Emitter_2,6,0.5334884541,0
145,Emitter_1,1,0.7202588094,0
146,Emitter_2,6,0.5292338351,0
147,Emitter_1,1,0.70887752,0
148,Emitter_1,1,0.7043709335,0
149,Emitter_2,6,0.5312700923,0
150,Emitter_1,1,0.6985539698,0
151,Emitter_2,6,0.5229139877,0
152,Noise,6,3.884612421,1
153,Emitter_1,1,0.6967930663,0
154,Emitter_2,6,0.5333523441,0
155,Emitter_1,1,0.6926832432,0
156,Emitter_2,6,0.5115709367,0
157,Emitter_1,1,0.6884964606,0
158,Emitter_1,1,0.6836560671,0
159,Emitter_2,6,0.5095500813,0
160,Emitter_1,1,0.6814376641,0
161,Emitter_2,6,0.5043351799,0
162,Emitter_1,1,0.6805086667,0
163,Emitter_2,6,0.5026814237,0
164,Emitter_1,1,0.6737470782,0
165,Noise,0,4.319899818,1
166,Emitter_2,6,0.496815561,0
167,Emitter_1,1,0.6709705932,0
168,Emitter_1,1,0.666996993,0
169,Emitter_2,6,0.4943016372,0
170,Emitter_1,1,0.6639744709,0
171,Emitter_2,6,0.4910014259,0
172,Emitter_1,1,0.6650943488,0
173,Emitter_2,6,0.4825575521,0
174,Noise,4,2.763492464,1
175,Emitter_1,1,0.6663526696,0
176,Emitter_2,6,0.4772402417,0
177,Emitter_1,1,0.6564485468,0
178,Emitter_1,1,0.6610110504,0
179,Emitter_2,6,0.4733961387,0
180,Noise,1,2.225804676,1
181,Emitter_1,1,0.6464823821,0
182,Emitter_2,6,0.4786128707,0
183,Emitter_1,1,0.6516464672,0
184,Emitter_2,6,0.4646143015,0
185,Emitter_1,1,0.6405364794,0
186,Emitter_2,6,0.4673293812,0
187,Emitter_1,1,0.6354819336,0
188,Emitter_1,1,0.6316053932,0
189,Emitter_2,6,0.4626837943,0
190,Emitter_1,1,0.6374795325,0
191,Emitter_2,6,0.459930019,0
192,Noise,0,4.985414805,1
193,Emitter_1,1,0.6271812448,0
194,Emitter_2,6,0.4488103221,0
195,Emitter_1,1,0.6218368774,0
196,Emitter_2,6,0.4471285103,0
197,Emitter_1,1,0.6219053258,0
198,Emitter_1,1,0.6143760692,0
199,Emitter_2,6,0.465757695,0
200,Emitter_1,1,0.6163102755,0
201,Emitter_2,6,0.438821491,0
202,Emitter_1,1,0.6077212022,0
203,Emitter_2,6,0.4405998344,0
204,Emitter_1,1,0.6091570147,0
205,Emitter_2,6,0.4389096538,0
206,Emitter_1,1,0.6094132488,0
207,Emitter_1,1,0.5979917006,0
208,Emitter_2,6,0.4218473814,0
209,Emitter_1,1,0.5941011266,0
210,Emitter_2,6,0.4171811001,0
211,Emitter_1,1,0.5933611415,0
212,Emitter_2,6,0.4161496109,0
213,Emitter_1,1,0.5871841829,0
214,Emitter_2,6,0.4115429478,0
215,Emitter_1,1,0.601789619,0
216,Emitter_1,1,0.579647293,0
217,Emitter_2,6,0.4142116878,0
218,Emitter_1,1,0.5770718987,0
219,Emitter_2,6,0.3996039065,0
220,Emitter_1,1,0.58047426,0
221,Emitter_2,6,0.3991334794,0
222,Emitter_1,1,0.570131984,0
223,Emitter_2,6,0.3941756366,0
224,Emitter_1,1,0.5664393637,0
225,Emitter_1,1,0.5628507022,0
226,Emitter_2,6,0.3975129525,0
227,Emitter_1,1,0.5588154345,0
228,Emitter_2,6,0.3821636564,0
229,Emitter_1,1,0.5628094618,0
230,Emitter_2,6,0.4078124368,0
231,Emitter_1,1,0.5588078453,0
232,Emitter_2,6,0.3740375826,0
233,Emitter_1,1,0.565465675,0
234,Emitter_1,1,0.5521255707,0
235,Emitter_2,6,0.3778191429,0
236,Emitter_1,1,0.5425361976,0
237,Emitter_2,6,0.3662923893,0
238,Emitter_1,1,0.5420940789,0
239,Emitter_2,6,0.360808404,0
240,Emitter_1,1,0.5384074295,0
241,Emitter_2,6,0.3606228464,0
242,Emitter_1,1,0.5313865394,0
243,Emitter_1,1,0.5339831967,0
244,Emitter_2,6,0.3513831411,0
245,Emitter_1,1,0.5241104826,0
246,Emitter_2,6,0.3526727344,0
247,Emitter_1,1,0.5213826642,0
248,Emitter_2,6,0.3466434957,0
249,Emitter_1,1,0.5236723517,0
250,Emitter_2,6,0.3540967354,0
251,Emitter_1,1,0.5149966384,0
252,Emitter_1,1,0.5103867853,0
253,Emitter_2,6,0.3347995916,0
254,Emitter_1,1,0.5078419545,0
255,Emitter_2,6,0.3317841747,0
256,Emitter_1,1,0.5266805023,0
257,Emitter_2,6,0.3495702574,0
258,Emitter_1,1,0.5024019577,0
259,Emitter_2,6,0.3311279258,0
260,Emitter_1,1,0.5005380493,0
261,Emitter_1,1,0.4945152204,0
262,Emitter_2,6,0.3273577554,0
263,Emitter_1,1,0.5013923707,0
264,Emitter_2,6,0.3123253382,0
265,Emitter_1,1,0.4883450167,0
266,Emitter_2,6,0.3090418724,0
267,Emitter_1,1,0.4830292257,0
268,Emitter_2,6,0.3091737547,0
269,Emitter_1,1,0.4793646585,0
270,Emitter_1,1,0.4755362057,0
271,Emitter_2,6,0.3168212279,0
272,Emitter_1,1,0.4725689998,0
273,Emitter_2,6,0.3061570703,0
274,Emitter_1,1,0.4976228786,0
275,Emitter_2,6,0.3065594488,0
276,Emitter_1,1,0.465724001,0
277,Emitter_2,6,0.2887406095,0
278,Emitter_1,1,0.4620096969,0
279,Noise,2,2.854900905,1
280,Emitter_1,1,0.4600043448,0
281,Emitter_2,6,0.2858234628,0
282,Emitter_1,1,0.4656809818,0
283,Emitter_2,6,0.2922900563,0
284,Emitter_1,1,0.4519030664,0
285,Emitter_2,6,0.2759387319,0
286,Emitter_1,1,0.4518840566,0
287,Noise,6,2.969556221,1
288,Emitter_2,6,0.2790969524,0
289,Emitter_1,1,0.4555973958,0
290,Emitter_1,1,0.4600576877,0
291,Emitter_2,6,0.2756619489,0
292,Emitter_1,1,0.4402076732,0
293,Emitter_2,6,0.2665250384,0
294,Emitter_1,1,0.4374775207,0
295,Emitter_2,6,0.2579284719,0
296,Emitter_1,1,0.4310475101,0
297,Emitter_2,6,0.3166296735,0
298,Emitter_1,1,0.4285693445,0
299,Emitter_1,1,0.4297805253,0
300,Emitter_2,6,0.2722947843,0
301,Emitter_1,1,0.4205329309,0
302,Emitter_2,6,0.2446040719,0
303,Emitter_1,1,0.4222026267,0
304,Emitter_2,6,0.2421935716,0
305,Emitter_1,1,0.4194447519,0
306,Emitter_2,6,0.2483346495,0
307,Emitter_1,1,0.4101484161,0
308,Emitter_1,1,0.4070524395,0
309,Emitter_2,6,0.2345361949,0
310,Emitter_1,1,0.4078244937,0
311,Noise,8,4.709267934,1
312,Emitter_2,6,0.2292854638,0
313,Emitter_1,1,0.4034123891,0
314,Emitter_2,6,0.2272812458,0
315,Noise,4,3.451375069,1
316,Emitter_1,1,0.4022800671,0
317,Emitter_2,6,0.2247189712,0
318,Emitter_1,1,0.3936931513,0
319,Emitter_1,1,0.3933940524,0
320,Emitter_2,6,0.237115001,0
321,Emitter_1,1,0.3880285941,0
322,Emitter_2,6,0.2139116768,0
323,Emitter_1,1,0.3840662363,0
324,Emitter_2,6,0.3130382681,0
325,Emitter_1,1,0.4015862984,0
326,Emitter_2,6,0.2248740576,0
327,Emitter_1,1,0.3785673275,0
328,Emitter_1,1,0.3887520181,0
329,Emitter_2,6,0.254242895,0
330,Emitter_1,1,0.3748000459,0
331,Emitter_2,6,0.1973634118,0
332,Emitter_1,1,0.3707368316,0
333,Emitter_2,6,0.1911921407,0
334,Emitter_1,1,0.3630269052,0
335,Emitter_2,6,0.1847954391,0
336,Emitter_1,1,0.3590526195,0
337,Emitter_1,1,0.3542155426,0
338,Emitter_2,6,0.2230854253,0
339,Emitter_1,1,0.352745005,0
340,Emitter_2,6,0.2230426578,0
341,Emitter_1,1,0.3533471954,0
342,Emitter_2,6,0.1797357662,0
343,Emitter_1,1,0.3619465651,0
344,Emitter_2,6,0.1792152005,0
345,Emitter_1,1,0.3432323067,0
346,Noise,1,3.91991242,1
347,Emitter_1,1,0.3440734788,0
348,Emitter_2,6,0.1702977899,0
349,Emitter_1,1,0.3489033658,0
350,Emitter_2,6,0.1865374652,0
351,Emitter_1,1,0.3377917857,0
352,Emitter_2,6,0.1599484608,0
353,Emitter_1,1,0.368996233,0
354,Emitter_2,6,0.1722657821,0
355,Emitter_1,1,0.3465637291,0
356,Emitter_1,1,0.3219408967,0
357,Emitter_2,6,0.1564338879,0
358,Emitter_1,1,0.3320114044,0
359,Emitter_2,6,0.1542519016,0
360,Emitter_1,1,0.3218304487,0
361,Emitter_2,6,0.1477983521,0
362,Emitter_1,1,0.3126458511,0
363,Emitter_2,6,0.1380600171,0
364,Emitter_1,1,0.3096275782,0
365,Emitter_1,1,0.3141341338,0
366,Emitter_2,6,0.1315829013,0
367,Emitter_1,1,0.3007750577,0
368,Emitter_2,6,0.1320424588,0
369,Emitter_1,1,0.2983216832,0
370,Emitter_2,6,0.1216722997,0
371,Emitter_1,1,0.2931142916,0
372,Emitter_2,6,0.1148896416,0
373,Emitter_1,1,0.2902538026,0
374,Emitter_1,1,0.287592131,0
375,Emitter_2,6,0.1322754704,0
376,Emitter_1,1,0.2824633309,0
377,Emitter_2,6,0.1244323604,0
378,Emitter_1,1,0.2790795073,0
379,Emitter_2,6,0.1117023791,0
380,Emitter_1,1,0.2749302015,0
381,Emitter_2,6,0.09907297895,0
382,Emitter_1,1,0.2794990512,0
383,Emitter_1,1,0.2796550202,0
384,Emitter_2,6,0.120018162,0
385,Emitter_1,1,0.3033543708,0
386,Emitter_2,6,0.1007701089,0
387,Emitter_1,1,0.2680612746,0
388,Emitter_2,6,0.1570345138,0
389,Emitter_1,1,0.2582810097,0
390,Emitter_2,6,0.0884199125,0
391,Emitter_1,1,0.2748093695,0
392,Emitter_1,1,0.2711251233,0
393,Emitter_2,6,0.07922230653,0
394,Emitter_1,1,0.2509972522,0
395,Emitter_2,6,0.1036540715,0
396,Emitter_1,1,0.2592595811,0
397,Noise,1,3.347722571,1
398,Emitter_2,6,0.08394104242,0
399,Emitter_1,1,0.2401723442,0
400,Emitter_2,6,0.0875022828,0
401,Emitter_1,1,0.2703006308,0
402,Emitter_1,1,0.236505488,0
403,Emitter_2,6,0.07200718875,0
404,Emitter_1,1,0.2337549937,0
405,Emitter_2,6,0.1131500645,0
406,Emitter_1,1,0.2529773873,0
407,Emitter_2,6,0.09115414499,0
408,Emitter_1,1,0.2255413479,0
409,Emitter_2,6,0.07080908929,0
410,Emitter_1,1,0.2274253261,0
411,Emitter_1,1,0.219328236,0
412,Emitter_2,6,0.05607585187,0
413,Emitter_1,1,0.2147359709,0
414,Emitter_2,6,0.04573816145,0
415,Emitter_1,1,0.2325993548,0
416,Emitter_2,6,0.1795329446,0
417,Emitter_1,1,0.223759702,0
418,Emitter_2,6,0.03967288155,0
419,Emitter_1,1,0.2034639174,0
420,Emitter_1,1,0.2034019793,0
421,Emitter_2,6,0.09597977393,0
422,Emitter_1,1,0.1979067989,0
423,Emitter_2,6,0.1089660688,0
424,Emitter_1,1,0.2488821849,0
425,Emitter_2,6,0.02789355706,0
426,Emitter_1,1,0.1892349528,0
427,Emitter_2,6,0.101247274,0
428,Emitter_1,1,0.1916802615,0
429,Emitter_1,1,0.1814813902,0
430,Emitter_2,6,0.06900249538,0
431,Emitter_1,1,0.1834578848,0
432,Emitter_2,6,0.03417168273,0
433,Emitter_1,1,0.2182606454,0
434,Emitter_2,6,0.04666735384,0
435,Emitter_1,1,0.1718964513,0
436,Emitter_2,6,0.08781979029,0
437,Emitter_1,1,0.220780425,0
438,Emitter_1,1,0.1741791283,0
439,Emitter_2,6,0.1953520914,0
440,Emitter_1,1,0.1613080753,0
441,Emitter_2,6,0.08387446328,0
442,Emitter_1,1,0.1583804372,0
443,Emitter_2,6,0.04842478847,0
444,Noise,4,4.352232839,1
445,Emitter_1,1,0.154483858,0
446,Noise,5,2.480695617,1
447,Emitter_2,6,0.04594275344,0
448,Emitter_1,1,0.165692007,0
449,Emitter_1,1,0.2396359977,0
450,Emitter_2,6,0.07151857867,0
451,Emitter_1,1,0.1804246084,0
452,Emitter_2,6,0.0855433618,0
453,Noise,2,3.230360707,1
454,Emitter_1,1,0.1486238649,0
455,Emitter_2,6,0.04837281042,0
456,Emitter_1,1,0.1358170541,0
457,Emitter_2,6,0.0689291153,0
458,Emitter_1,1,0.1386005439,0
459,Noise,6,2.245251088,1
460,Emitter_1,1,0.1411086575,0
461,Emitter_2,6,0.05762899993,0
462,Emitter_1,1,0.1331000963,0
463,Emitter_2,6,0.05642138724,0
464,Emitter_1,1,0.1291264488,0
465,Emitter_2,6,0.1215785982,0
466,Emitter_1,1,0.140565864,0
467,Emitter_2,6,0.07598352407,0
468,Emitter_1,1,0.1179026605,0
469,Noise,1,1.702342543,1
470,Emitter_1,1,0.1462266165,0
471,Emitter_2,6,0.07034328198,0
472,Emitter_1,1,0.133889254,0
473,Emitter_2,6,0.08428113906,0
474,Emitter_1,1,0.1388904283,0
475,Emitter_2,6,0.1095301066,0
476,Emitter_1,1,0.1128738506,0
477,Emitter_2,6,0.1609386597,0
478,Emitter_1,1,0.1166405072,0
479,Emitter_1,1,0.1036884942,0
480,Emitter_2,6,0.1021818799,0
481,Emitter_1,1,0.09306590153,0
482,Emitter_2,6,0.1108137507,0
483,Emitter_1,1,0.08778675662,0
484,Emitter_2,6,0.1244098499,0
485,Emitter_1,1,0.09316664596,0
486,Emitter_2,6,0.1588039797,0
487,Emitter_1,1,0.08969800943,0
488,Emitter_1,1,0.1470591666,0
489,Emitter_2,6,0.1283799191,0
490,Emitter_1,1,0.08875198616,0
491,Emitter_2,6,0.1271708382,0
492,Emitter_1,1,0.07604430967,0
493,Emitter_2,6,0.218385491,0
494,Emitter_1,1,0.07569440989,0
495,Emitter_2,6,0.1238450823,0
496,Emitter_1,1,0.07359142293,0
497,Emitter_1,1,0.1335014749,0
498,Emitter_2,6,0.1399000144,0
499,Emitter_1,1,0.07698306388,0
500,Emitter_2,6,0.1356279346,0
501,Emitter_1,1,0.06765538837,0
502,Emitter_2,6,0.1544781192,0
503,Emitter_1,1,0.07648360616,0
504,Emitter_2,6,0.1661332364,0
505,Emitter_1,1,0.101231457,0
506,Emitter_1,1,0.06850520534,0
507,Emitter_2,6,0.1433077556,0
508,Emitter_1,1,0.06310992159,0
509,Emitter_2,6,0.1418128974,0
510,Emitter_1,1,0.0370247341,0
511,Emitter_2,6,0.1722689842,0
512,Emitter_1,1,0.03186962728,0
513,Emitter_2,6,0.1493050796,0
514,Emitter_1,1,0.06498058153,0
515,Emitter_1,1,0.06522069016,0
516,Emitter_2,6,0.1618798691,0
517,Emitter_1,1,0.05598347035,0
518,Emitter_2,6,0.1597873377,0
519,Emitter_1,1,0.1527974082,0
520,Emitter_2,6,0.1639048326,0
521,Emitter_1,1,0.01824323906,0
522,Emitter_2,6,0.2283247778,0
523,Emitter_1,1,0.06043304639,0
524,Emitter_1,1,0.05182302929,0
525,Emitter_2,6,0.1806329212,0
526,Emitter_1,1,0.03544708492,0
527,Emitter_2,6,0.1807549004,0
528,Emitter_1,1,0.04174446194,0
529,Emitter_2,6,0.1874873713,0
530,Emitter_1,1,0.06649928568,0
531,Emitter_2,6,0.2036542721,0
532,Emitter_1,1,0.03417429058,0
533,Noise,8,2.623953205,1
534,Emitter_1,1,0.03144747606,0
535,Emitter_2,6,0.1894272691,0
536,Emitter_1,1,0.02332219134,0
537,Emitter_2,6,0.2072402217,0
538,Emitter_1,1,0.05419109023,0
539,Emitter_2,6,0.2520581305,0
540,Emitter_1,1,0.09108506717,0
541,Emitter_2,6,0.2319776182,0
542,Emitter_1,1,0.1046231451,0
543,Emitter_1,1,0.04586023357,0
544,Emitter_2,6,0.2323774524,0
545,Emitter_1,1,0.08175072699,0
546,Emitter_2,6,0.2240801258,0
547,Emitter_1,1,0.07081054847,0
548,Emitter_2,6,0.2237047951,0
549,Emitter_1,1,0.15463229,0
550,Emitter_2,6,0.2218762672,0
551,Emitter_1,1,0.06297212043,0
552,Emitter_1,1,0.1305953614,0
553,Emitter_2,6,0.2296615436,0
554,Emitter_1,1,0.05778064784,0
555,Emitter_2,6,0.228697675,0
556,Emitter_1,1,0.1203090185,0
557,Emitter_2,6,0.2322904252,0
558,Emitter_1,1,0.05965853638,0
559,Emitter_2,6,0.2360165472,0
560,Emitter_1,1,0.08934847608,0
561,Emitter_1,1,0.1268882579,0
562,Noise,6,2.554263687,1
563,Emitter_2,6,0.2462901768,0
564,Emitter_1,1,0.07306292519,0
565,Emitter_2,6,0.264092697,0
566,Emitter_1,1,0.08120616381,0
567,Emitter_2,6,0.2511758055,0
568,Emitter_1,1,0.08744186805,0
569,Emitter_2,6,0.2556390034,0
570,Emitter_1,1,0.08932856555,0
571,Emitter_1,1,0.09555023219,0
572,Emitter_2,6,0.2599605079,0
573,Emitter_1,1,0.0880415359,0
574,Emitter_2,6,0.2663712704,0
575,Emitter_1,1,0.09764764122,0
576,Emitter_2,6,0.2780008384,0
577,Emitter_1,1,0.1180306448,0
578,Emitter_2,6,0.2831489749,0
579,Emitter_1,1,0.09939511578,0
580,Emitter_1,1,0.1474368025,0
581,Emitter_2,6,0.3042180765,0
582,Emitter_1,1,0.1011709095,0
583,Emitter_2,6,0.3303252438,0
584,Emitter_1,1,0.1088207692,0
585,Emitter_2,6,0.2891017186,0
586,Emitter_1,1,0.1110721365,0
587,Emitter_2,6,0.2889919163,0
588,Emitter_1,1,0.1526018947,0
589,Emitter_1,1,0.1917810446,0
590,Emitter_2,6,0.294154487,0
591,Emitter_1,1,0.2231992759,0
592,Emitter_2,6,0.3011141474,0
593,Emitter_1,1,0.1712580687,0
594,Emitter_2,6,0.3038906214,0
595,Emitter_1,1,0.1247549491,0
596,Emitter_2,6,0.3103298094,0
597,Emitter_1,1,0.1434308112,0
598,Emitter_1,1,0.1408450936,0
599,Emitter_2,6,0.3221508677,0
600,Emitter_1,1,0.1486065958,0
601,Emitter_2,6,0.3155133993,0
602,Emitter_1,1,0.1465919766,0
603,Emitter_2,6,0.3252019547,0
604,Emitter_1,1,0.1418417158,0
605,Emitter_2,6,0.3305668006,0
606,Emitter_1,1,0.1813293429,0
607,Emitter_1,1,0.149860436,0
608,Emitter_2,6,0.3576443038,0
609,Emitter_1,1,0.1571108719,0
610,Emitter_2,6,0.3446349977,0
611,Emitter_1,1,0.1721073446,0
612,Emitter_2,6,0.3671333077,0
613,Emitter_1,1,0.1635795175,0
614,Emitter_2,6,0.343971041,0
615,Emitter_1,1,0.164535873,0
616,Emitter_1,1,0.1687681763,0
617,Emitter_2,6,0.3479029678,0
618,Emitter_1,1,0.1712554934,0
619,Emitter_2,6,0.3557353319,0
620,Noise,6,2.436786611,1
621,Emitter_1,1,0.1736209055,0
622,Emitter_2,6,0.3546645796,0
623,Emitter_1,1,0.2056104823,0
624,Emitter_2,6,0.3577286353,0
625,Emitter_1,1,0.1865493316,0
626,Emitter_1,1,0.2462093605,0
627,Emitter_2,6,0.3641195628,0
628,Emitter_1,1,0.1904737545,0
629,Emitter_2,6,0.3901555362,0
630,Emitter_1,1,0.2060245054,0
631,Emitter_2,6,0.3712060276,0
632,Emitter_1,1,0.1982572879,0
633,Emitter_2,6,0.3749393995,0
634,Emitter_1,1,0.2070607509,0
635,Emitter_1,1,0.2012495744,0
636,Emitter_2,6,0.3794639476,0
637,Emitter_1,1,0.212456239,0
638,Emitter_2,6,0.3875804477,0
639,Emitter_1,1,0.2110543243,0
640,Emitter_2,6,0.4031057181,0
641,Emitter_1,1,0.2122303654,0
642,Emitter_2,6,0.3912807532,0
643,Emitter_1,1,0.2441243311,0
644,Emitter_1,1,0.2188040142,0
645,Emitter_2,6,0.3969245639,0
646,Emitter_1,1,0.2219951442,0
647,Emitter_2,6,0.4342752997,0
648,Emitter_1,1,0.2675423621,0
649,Emitter_2,6,0.408394099,0
650,Emitter_1,1,0.2324351802,0
651,Noise,2,3.745489823,1
652,Emitter_2,6,0.4099006095,0
653,Emitter_1,1,0.2404666488,0
654,Emitter_1,1,0.2356023262,0
655,Emitter_2,6,0.4221867499,0
656,Noise,6,1.394605229,1
657,Emitter_1,1,0.240412272,0
658,Emitter_2,6,0.4186059577,0
659,Emitter_1,1,0.242724209,0
660,Emitter_2,6,0.4329945505,0
661,Emitter_1,1,0.2532432857,0
662,Emitter_2,6,0.4371808739,0
663,Emitter_1,1,0.2544111895,0
664,Emitter_1,1,0.2589492486,0
665,Emitter_2,6,0.4307981849,0
666,Emitter_1,1,0.2632282609,0
667,Emitter_2,6,0.4345608453,0
668,Emitter_1,1,0.2601531955,0
669,Emitter_2,6,0.4431817842,0
670,Emitter_1,1,0.2728104286,0
671,Emitter_2,6,0.4456932822,0
672,Emitter_1,1,0.2737290654,0
673,Emitter_1,1,0.2763753788,0
674,Emitter_2,6,0.4478430659,0
675,Emitter_1,1,0.2877663293,0
676,Emitter_2,6,0.4611013131,0
677,Emitter_1,1,0.2933318664,0
678,Emitter_2,6,0.4630889894,0
679,Emitter_1,1,0.3021361458,0
680,Emitter_2,6,0.4621727367,0
681,Emitter_1,1,0.2914319218,0
682,Emitter_1,1,0.294997572,0
683,Emitter_2,6,0.465150364,0
684,Emitter_1,1,0.2917329754,0
685,Emitter_2,6,0.471835253,0
686,Emitter_1,1,0.2948702,0
687,Emitter_2,6,0.4791556431,0
688,Emitter_1,1,0.2989556057,0
689,Emitter_2,6,0.4787437255,0
690,Emitter_1,1,0.3093795313,0
691,Emitter_1,1,0.3370676501,0
692,Emitter_2,6,0.4972845803,0
693,Noise,6,2.516659012,1
694,Emitter_1,1,0.3229501987,0
695,Emitter_2,6,0.487791577,0
696,Emitter_1,1,0.3327373026,0
697,Emitter_2,6,0.4976481231,0
698,Emitter_1,1,0.3242479865,0
699,Emitter_2,6,0.496894811,0
700,Emitter_1,1,0.3243664403,0
701,Emitter_1,1,0.3259323924,0
702,Emitter_2,6,0.5015463829,0
703,Emitter_1,1,0.3258128597,0
704,Emitter_2,6,0.5087853189,0
705,Emitter_1,1,0.3626953629,0
706,Emitter_2,6,0.508566703,0
707,Emitter_1,1,0.3464660845,0
708,Emitter_2,6,0.5214573506,0
709,Emitter_1,1,0.3433908842,0
710,Emitter_1,1,0.342554654,0
711,Emitter_2,6,0.5182377839,0
712,Emitter_1,1,0.3485464422,0
713,Emitter_2,6,0.5352655046,0
714,Noise,2,1.187463301,1
715,Noise,2,4.019968113,1
716,Emitter_1,1,0.3513747039,0
717,Emitter_2,6,0.5263017065,0
718,Emitter_1,1,0.3671985172,0
719,Emitter_2,6,0.5324610317,0
720,Emitter_1,1,0.3544474701,0
721,Emitter_1,1,0.3790265844,0
722,Emitter_2,6,0.5390634693,0
723,Emitter_1,1,0.3770498188,0
724,Emitter_2,6,0.5400963848,0
725,Emitter_1,1,0.3785902475,0
726,Emitter_2,6,0.5497768199,0
727,Emitter_1,1,0.3681856449,0
728,Emitter_2,6,0.5519572116,0
729,Emitter_1,1,0.3728980199,0
730,Emitter_1,1,0.3822238489,0
731,Emitter_2,6,0.5535247371,0
732,Emitter_1,1,0.377729298,0
733,Emitter_2,6,0.5570347836,0
734,Emitter_1,1,0.3898803178,0
735,Emitter_2,6,0.5666922786,0
736,Emitter_1,1,0.3857034194,0
737,Emitter_2,6,0.5651545116,0
738,Emitter_1,1,0.3881173948,0
739,Emitter_1,1,0.3916584318,0
740,Emitter_2,6,0.576818934,0
741,Emitter_1,1,0.4018883315,0
742,Emitter_2,6,0.5739621884,0
743,Emitter_1,1,0.4006084204,0
744,Emitter_2,6,0.5815607758,0
745,Emitter_1,1,0.4025850991,0
746,Emitter_2,6,0.5833287142,0
747,Emitter_1,1,0.4147572289,0
748,Emitter_1,1,0.4098389384,0
749,Emitter_2,6,0.5906552248,0
750,Emitter_1,1,0.4170972083,0
751,Emitter_2,6,0.5920576082,0
752,Emitter_1,1,0.4176826725,0
753,Emitter_2,6,0.601744713,0
754,Emitter_1,1,0.4291939491,0
755,Emitter_2,6,0.601908531,0
756,Emitter_1,1,0.4291075604,0
757,Emitter_1,1,0.4270056423,0
758,Emitter_2,6,0.6084600503,0
759,Emitter_1,1,0.4305685745,0
760,Emitter_2,6,0.6237085783,0
761,Emitter_1,1,0.433870052,0
762,Emitter_2,6,0.6316634734,0
763,Emitter_1,1,0.4378382399,0
764,Emitter_2,6,0.623389078,0
765,Emitter_1,1,0.4409613844,0
766,Emitter_1,1,0.4486262577,0
767,Emitter_2,6,0.6245667782,0
768,Noise,1,1.744662874,1
769,Emitter_1,1,0.4603828073,0
770,Emitter_2,6,0.6321811204,0
771,Emitter_1,1,0.4699839925,0
772,Emitter_2,6,0.6296330814,0
773,Emitter_1,1,0.4547855878,0
774,Emitter_2,6,0.6380205267,0
775,Emitter_1,1,0.4574658476,0
776,Emitter_1,1,0.4925825857,0
777,Emitter_2,6,0.6501551792,0
778,Emitter_1,1,0.4794715317,0
779,Emitter_2,6,0.6427572566,0
780,Emitter_1,1,0.4681630033,0
781,Emitter_2,6,0.6483905096,0
782,Emitter_1,1,0.4738995344,0
783,Emitter_2,6,0.6552201706,0
784,Emitter_1,1,0.4872058077,0
785,Emitter_1,1,0.479891294,0
786,Emitter_2,6,0.6601627959,0
787,Emitter_1,1,0.4835130196,0
788,Emitter_2,6,0.6598589949,0
789,Emitter_1,1,0.486586624,0
790,Noise,1,2.167731123,1
791,Emitter_2,6,0.6642407629,0
792,Emitter_1,1,0.4900667051,0
793,Emitter_2,6,0.6701276451,0
794,Emitter_1,1,0.5008342171,0
795,Noise,1,3.559923292,1
796,Emitter_1,1,0.501675591,0
797,Emitter_2,6,0.6727690242,0
798,Emitter_1,1,0.4994817271,0
799,Emitter_2,6,0.6795931812,0
800,Emitter_1,1,0.5031746376,0
801,Emitter_2,6,0.6863619411,0
802,Emitter_1,1,0.5062363421,0
803,Emitter_2,6,0.6858971104,0
804,Emitter_1,1,0.5112022241,0
805,Emitter_1,1,0.5167185741,0
806,Emitter_2,6,0.6913883202,0
807,Noise,6,2.206405328,1
808,Emitter_1,1,0.523745337,0
809,Emitter_2,6,0.7132064825,0
810,Noise,0,2.576286047,1
811,Emitter_1,1,0.5201370319,0
812,Emitter_2,6,0.7053733947,0
813,Emitter_1,1,0.5277800897,0
814,Emitter_2,6,0.7051673942,0
815,Emitter_1,1,0.5272259642,0
816,Emitter_1,1,0.5302851541,0
817,Emitter_2,6,0.709880201,0
818,Emitter_1,1,0.5368985794,0
819,Emitter_2,6,0.7124860504,0
820,Emitter_1,1,0.5377442797,0
821,Emitter_2,6,0.721614007,0
822,Emitter_1,1,0.5549221181,0
823,Emitter_2,6,0.7284731161,0
824,Emitter_1,1,0.5441394049,0
825,Noise,5,1.179235117,1
826,Emitter_1,1,0.5476646524,0
827,Emitter_2,6,0.7276532456,0
828,Emitter_1,1,0.5564370551,0
829,Emitter_2,6,0.7304413598,0
830,Emitter_1,1,0.5588497228,0
831,Emitter_2,6,0.7668389606,0
832,Emitter_1,1,0.5589581134,0
833,Emitter_2,6,0.7389351248,0
834,Emitter_1,1,0.5624339194,0
835,Emitter_1,1,0.5756967299,0
836,Emitter_2,6,0.7426360428,0
837,Emitter_1,1,0.5690211494,0
838,Emitter_2,6,0.7538724122,0
839,Emitter_1,1,0.5720047819,0
840,Emitter_2,6,0.7512298316,0
841,Emitter_1,1,0.5813442391,0
842,Noise,6,4.969025213,1
843,Emitter_2,6,0.7555256719,0
844,Emitter_1,1,0.580720687,0
845,Emitter_1,1,0.5899162339,0
846,Emitter_2,6,0.7669781413,0
847,Emitter_1,1,0.5861618678,0
848,Emitter_2,6,0.766613164,0
849,Emitter_1,1,0.6014007545,0
850,Emitter_2,6,0.7681949431,0
851,Emitter_1,1,0.612066822,0
852,Emitter_2,6,0.7741547732,0
853,Emitter_1,1,0.6009247697,0
854,Emitter_1,1,0.6028409302,0
855,Emitter_2,6,0.7776286288,0
856,Emitter_1,1,0.6043153448,0
857,Emitter_2,6,0.7908847779,0
858,Emitter_1,1,0.6075288383,0
859,Emitter_2,6,0.7937931615,0
860,Emitter_1,1,0.6172062966,0
861,Emitter_2,3,0.933270168,0
862,Emitter_1,1,0.6161368669,0
863,Emitter_1,1,0.6287089344,0
864,Emitter_2,3,0.9282653855,0
865,Emitter_1,1,0.6222171174,0
866,Emitter_2,3,0.9236692469,0
867,Emitter_1,1,0.6245201762,0
868,Emitter_2,3,0.9239053339,0
869,Emitter_1,1,0.6429268631,0
870,Emitter_2,3,0.9153035296,0
871,Emitter_1,1,0.6320645452,0
872,Emitter_1,1,0.6344804287,0
873,Emitter_2,3,0.9196808919,0
874,Emitter_1,1,0.6391674908,0
875,Emitter_2,3,0.9087721689,0
876,Emitter_1,1,0.6537539435,0
877,Emitter_2,3,0.9026807608,0
878,Emitter_1,1,0.6468765421,0
879,Emitter_2,3,0.8981827776,0
880,Emitter_1,1,0.6482623501,0
881,Emitter_1,1,0.6558672257,0
882,Emitter_2,3,0.8936278812,0
883,Emitter_1,1,0.6591404988,0
884,Emitter_2,3,0.8889219792,0
885,Emitter_1,1,0.6653818545,0
886,Emitter_2,3,0.8891166168,0
887,Emitter_1,1,0.6622263536,0
888,Emitter_2,3,0.8800400493,0
889,Emitter_1,1,0.6919898603,0
890,Emitter_1,1,0.7103232737,0
891,Emitter_2,3,0.8770882733,0
892,Noise,4,5.462720102,1
893,Emitter_1,1,0.6741110263,0
894,Emitter_2,3,0.8795010831,0
895,Emitter_1,1,0.6794555022,0
896,Emitter_2,3,0.8684293069,0
897,Emitter_1,1,0.687517968,0
898,Emitter_2,3,0.8644288709,0
899,Emitter_1,1,0.7025706625,0
900,Emitter_1,1,0.6874492448,0
901,Emitter_2,3,0.8658449965,0
902,Emitter_1,1,0.6909273098,0
903,Emitter_2,3,0.8550940635,0
904,Emitter_1,1,0.6932847369,0
905,Emitter_2,3,0.8502376994,0
906,Emitter_1,1,0.7015024806,0
907,Emitter_2,3,0.8454348066,0
908,Noise,2,2.525324914,1
909,Emitter_1,1,0.7012431441,0
910,Emitter_1,1,0.7041250355,0
911,Emitter_2,3,0.8581653023,0
912,Emitter_1,1,0.7070917808,0
913,Emitter_2,3,0.8375871754,0
914,Emitter_1,1,0.7126744655,0
915,Emitter_2,3,0.8359317511,0
916,Emitter_1,1,0.7165744996,0
917,Emitter_2,3,0.8300766131,0
918,Emitter_1,1,0.7181473283,0
919,Emitter_1,1,0.7223723337,0
920,Emitter_2,3,0.826037168,0
921,Emitter_1,1,0.7305566848,0
922,Emitter_2,3,0.8192164439,0
923,Emitter_1,1,0.7306137658,0
924,Emitter_2,3,0.8149483279,0
925,Emitter_1,1,0.7335433881,0
926,Emitter_2,3,0.8115453352,0
927,Emitter_1,1,0.7358108506,0
928,Emitter_1,1,0.7385993727,0
929,Emitter_2,3,0.8067787974,0
930,Emitter_1,1,0.7506577312,0
931,Emitter_2,3,0.8031777382,0
932,Emitter_1,1,0.7531043825,0
933,Emitter_2,3,0.7986144,0
934,Emitter_1,1,0.7495666509,0
935,Emitter_2,3,0.7937001535,0
936,Emitter_1,1,0.7526990151,0
937,Emitter_1,1,0.7587524079,0
938,Emitter_2,3,0.7907183169,0
939,Emitter_1,1,0.7600868853,0
940,Emitter_2,3,0.7865945665,0
941,Emitter_1,1,0.7645524609,0
942,Emitter_2,3,0.7840861732,0
943,Emitter_1,1,0.7668633613,0
944,Emitter_2,3,0.775954457,0
945,Emitter_1,1,0.769853055,0
946,Emitter_1,1,0.7741455498,0
947,Emitter_2,3,0.7848146128,0
948,Emitter_1,1,0.7843904598,0
949,Emitter_2,3,0.774157582,0
950,Emitter_1,1,0.7865220429,0
951,Emitter_2,3,0.7636632293,0
952,Emitter_1,1,0.7856100482,0
953,Emitter_2,3,0.7599083645,0
954,Emitter_1,1,0.7869109415,0
955,Emitter_1,1,0.7921597209,0
956,Emitter_2,3,0.7555658414,0
957,Emitter_1,1,0.7945799467,0
958,Emitter_2,3,0.7515135456,0
959,Emitter_1,1,0.7991888344,0
960,Emitter_2,3,0.7472072588,0
961,Emitter_1,1,0.8013349701,0
962,Emitter_2,3,0.7416770666,0
963,Emitter_1,1,0.804859265,0
964,Emitter_1,1,0.811968719,0
965,Emitter_2,3,0.7412668304,0
966,Noise,5,3.645780854,1
967,Emitter_1,1,0.8119836958,0
968,Emitter_2,3,0.7326983107,0
969,Emitter_1,1,0.815818811,0
970,Emitter_2,3,0.7391464922,0
971,Emitter_1,1,0.8181312687,0
972,Emitter_2,3,0.7421890283,0
973,Emitter_1,1,0.8223000311,0
974,Emitter_1,1,0.8272965153,0
975,Emitter_2,3,0.7219718375,0
976,Emitter_1,1,0.8322082692,0
977,Emitter_2,3,0.7195691775,0
978,Emitter_1,1,0.8323507507,0
979,Emitter_2,3,0.7110835041,0
980,Emitter_1,1,0.8367430304,0
981,Emitter_2,3,0.7066001351,0
982,Emitter_1,1,0.8402805103,0
983,Emitter_1,1,0.8434024522,0
984,Emitter_2,3,0.7024995708,0
985,Emitter_1,1,0.8459090954,0
986,Emitter_2,3,0.7009294965,0
987,Emitter_1,1,0.8680396288,0
988,Emitter_2,3,0.6947820809,0
989,Emitter_1,1,0.8602857222,0
990,Emitter_2,3,0.6939704264,0
991,Emitter_1,1,0.8571794857,0
992,Emitter_1,1,0.8607464101,0
993,Emitter_2,3,0.6868342655,0
994,Emitter_1,1,0.8703008178,0
995,Emitter_2,3,0.6830814258,0
996,Emitter_1,1,0.8711903624,0
997,Emitter_2,3,0.6819709539,0
998,Emitter_1,1,0.8701069781,0
999,Emitter_2,3,0.6723074994,0
1000,Emitter_1,1,0.8746555852,0
1001,Emitter_1,1,0.8776090199,0
1002,Emitter_2,3,0.6748786079,0
1003,Emitter_1,1,0.8828586555,0
1004,Emitter_2,3,0.6631525192,0
1005,Emitter_1,1,0.8893122259,0
1006,Emitter_2,3,0.6625738568,0
1007,Emitter_1,1,0.8878622652,0
1008,Noise,0,3.787413201,1
1009,Emitter_2,3,0.6558145078,0
1010,Emitter_1,1,0.9144959422,0
1011,Emitter_1,1,0.9010986977,0
1012,Emitter_2,3,0.680497373,0
1013,Emitter_1,1,0.8978838189,0
1014,Emitter_2,3,0.6530741814,0
1015,Emitter_1,1,0.9015379292,0
1016,Emitter_2,3,0.6486450198,0
1017,Noise,3,3.660398871,1
1018,Emitter_1,1,0.9049396757,0
1019,Emitter_2,3,0.6378587989,0
1020,Emitter_1,1,0.9132371403,0
1021,Noise,3,1.77079946,1
1022,Emitter_1,1,0.9118976353,0
1023,Emitter_2,3,0.6359950633,0
1024,Emitter_1,1,0.9152362291,0
1025,Emitter_2,3,0.6439525058,0
1026,Emitter_1,1,0.9191690425,0
1027,Emitter_2,3,0.645109905,0
1028,Emitter_1,1,0.9270542578,0
1029,Emitter_2,3,0.6219011797,0
1030,Emitter_1,1,0.9273099468,0
1031,Emitter_1,1,0.9343624583,0
1032,Emitter_2,3,0.6158820125,0
1033,Emitter_1,1,0.9344175989,0
1034,Emitter_2,3,0.6133908883,0
1035,Emitter_1,1,0.9373156335,0
1036,Emitter_2,3,0.6108804184,0
1037,Emitter_1,1,0.9413914162,0
1038,Emitter_2,3,0.602592547,0
1039,Emitter_1,1,0.9439991329,0
1040,Emitter_1,1,0.9493557745,0
1041,Emitter_2,3,0.5982289844,0
1042,Emitter_1,1,0.9504178344,0
1043,Emitter_2,3,0.5947064441,0
1044,Emitter_1,1,0.9533897154,0
1045,Emitter_2,3,0.5899487086,0
1046,Emitter_1,1,0.9569597965,0
1047,Emitter_2,3,0.5877046531,0
1048,Emitter_1,1,0.9606924903,0
1049,Emitter_1,1,0.9654258643,0
1050,Emitter_2,3,0.5881876796,0
1051,Emitter_1,1,0.9673573968,0
1052,Emitter_2,3,0.5767695425,0
1053,Emitter_1,1,0.970662523,0
1054,Emitter_2,3,0.5741709627,0
1055,Emitter_1,1,0.9741371287,0
1056,Emitter_2,3,0.5776385928,0
1057,Noise,8,4.647507184,1
1058,Emitter_1,1,0.978306548,0
1059,Emitter_1,7,0.7647069491,0
1060,Emitter_2,3,0.5656679171,0
1061,Emitter_1,7,0.749827755,0
1062,Emitter_2,3,0.5592152529,0
1063,Noise,3,2.6537571,1
1064,Emitter_1,7,0.7535616987,0
1065,Emitter_2,3,0.5552539279,0
1066,Emitter_1,7,0.7490474926,0
1067,Emitter_2,3,0.5515356291,0
1068,Emitter_1,7,0.7391111807,0
1069,Emitter_1,7,0.7356472714,0
1070,Emitter_2,3,0.559267763,0
1071,Emitter_1,7,0.747213348,0
1072,Emitter_2,3,0.5656746351,0
1073,Emitter_1,7,0.730421979,0
1074,Emitter_2,3,0.5516694162,0
1075,Emitter_1,7,0.7274297209,0
1076,Emitter_2,3,0.5464072288,0
1077,Noise,7,3.187081167,1
1078,Emitter_1,7,0.7217890383,0
1079,Noise,3,3.20843579,1
1080,Emitter_1,7,0.7227150245,0
1081,Emitter_2,3,0.5317429059,0
1082,Emitter_1,7,0.7187720273,0
1083,Emitter_2,3,0.5246379274,0
1084,Emitter_1,7,0.7117917671,0
1085,Emitter_2,3,0.5232971273,0
1086,Emitter_1,7,0.7079656659,0
1087,Noise,7,2.864457877,1
1088,Emitter_2,3,0.5185722839,0
1089,Emitter_1,7,0.7130918872,0
1090,Noise,5,1.859826181,1
1091,Emitter_1,7,0.7081407148,0
1092,Emitter_2,3,0.5117887428,0
1093,Emitter_1,7,0.6981840917,0
1094,Emitter_2,3,0.5085505897,0
1095,Emitter_1,7,0.7002565534,0
1096,Emitter_2,3,0.5054683122,0
1097,Emitter_1,7,0.6926786824,0
1098,Emitter_2,3,0.5029207236,0
1099,Emitter_1,7,0.700556452,0
1100,Emitter_1,7,0.6838641585,0
1101,Emitter_2,3,0.5321648186,0
1102,Emitter_1,7,0.6912876226,0
1103,Emitter_2,3,0.4985525342,0
1104,Emitter_1,7,0.6791599479,0
1105,Emitter_2,3,0.4893060734,0
1106,Emitter_1,7,0.6804999115,0
1107,Noise,7,4.504327503,1
1108,Emitter_2,3,0.4882261982,0
1109,Emitter_1,7,0.6703447515,0
1110,Emitter_1,7,0.6672941344,0
1111,Emitter_2,3,0.4777273974,0
1112,Emitter_1,7,0.6670810903,0
1113,Emitter_2,3,0.4725309166,0
1114,Emitter_1,7,0.6618450164,0
1115,Emitter_2,3,0.4694328112,0
1116,Noise,5,2.571573599,1
1117,Emitter_1,7,0.6612117817,0
1118,Emitter_2,3,0.4694086845,0
1119,Emitter_1,7,0.6534357218,0
1120,Emitter_1,7,0.6488154199,0
1121,Noise,3,1.689421384,1
1122,Emitter_2,3,0.461839013,0
1123,Emitter_1,7,0.6503960403,0
1124,Emitter_2,3,0.4901474489,0
1125,Emitter_1,7,0.645018955,0
1126,Emitter_2,3,0.4590682272,0
1127,Emitter_1,7,0.6549939504,0
1128,Emitter_2,3,0.4466112439,0
1129,Emitter_1,7,0.6379728258,0
1130,Emitter_1,7,0.6347228488,0
1131,Emitter_2,3,0.4593832731,0
1132,Noise,4,3.077150856,1
1133,Emitter_1,7,0.6293275896,0
1134,Emitter_2,3,0.4384539199,0
1135,Emitter_1,7,0.6245722443,0
1136,Emitter_2,3,0.4376424775,0
1137,Emitter_1,7,0.6225129708,0
1138,Emitter_2,3,0.4453603532,0
1139,Emitter_1,7,0.6200712559,0
1140,Emitter_1,7,0.6155730588,0
1141,Emitter_2,3,0.4292505469,0
1142,Emitter_1,7,0.6111502006,0
1143,Noise,5,1.836223036,1
1144,Emitter_2,3,0.4221807035,0
1145,Emitter_1,7,0.60861464,0
1146,Emitter_2,3,0.4167871766,0
1147,Emitter_1,7,0.6121814442,0
1148,Noise,3,2.642107204,1
1149,Emitter_2,3,0.4147789908,0
1150,Emitter_1,7,0.6187353685,0
1151,Emitter_1,7,0.6061380824,0
1152,Emitter_2,3,0.4077086244,0
1153,Emitter_1,7,0.6016383686,0
1154,Emitter_2,3,0.4037541812,0
1155,Emitter_1,7,0.5933637077,0
1156,Emitter_2,3,0.4256729876,0
1157,Emitter_1,7,0.5888284912,0
1158,Emitter_2,3,0.406190487,0
1159,Emitter_1,7,0.5837035458,0
1160,Emitter_1,7,0.5815782152,0
1161,Emitter_2,3,0.3902762446,0
1162,Noise,0,4.038473401,1
1163,Emitter_1,7,0.5802362651,0
1164,Emitter_2,3,0.3885006174,0
1165,Emitter_1,7,0.5736355499,0
1166,Emitter_2,3,0.394304268,0
1167,Emitter_1,7,0.570833168,0
1168,Emitter_2,3,0.3868107753,0
1169,Emitter_1,7,0.5678847299,0
1170,Emitter_1,7,0.5741593526,0
1171,Emitter_2,3,0.3868288892,0
1172,Emitter_1,7,0.5618630493,0
1173,Emitter_2,3,0.399661059,0
1174,Emitter_1,7,0.5561519585,0
1175,Emitter_2,3,0.3694701855,0
1176,Emitter_1,7,0.5520256204,0
1177,Emitter_2,3,0.3905908256,0
1178,Noise,8,1.27252443,1
1179,Emitter_1,7,0.5602612377,0
1180,Emitter_1,7,0.5535268505,0
1181,Emitter_2,3,0.3573002422,0
1182,Emitter_1,7,0.5533431938,0
1183,Emitter_2,3,0.3539480763,0
1184,Emitter_1,7,0.5393579844,0
1185,Emitter_2,3,0.3672088684,0
1186,Emitter_1,7,0.5359584224,0
1187,Emitter_2,3,0.3449973479,0
1188,Emitter_1,7,0.5310473583,0
1189,Emitter_1,7,0.5283578491,0
1190,Emitter_2,3,0.3456506285,0
1191,Emitter_1,7,0.5243692262,0
1192,Emitter_2,3,0.3364568082,0
1193,Emitter_1,7,0.5209992438,0
1194,Emitter_2,3,0.3338268575,0
1195,Emitter_1,7,0.5172618198,0
1196,Emitter_2,3,0.3252729846,0
1197,Emitter_1,7,0.5172750838,0
1198,Emitter_1,7,0.5127382872,0
1199,Emitter_2,3,0.3249720456,0
1200,Emitter_1,7,0.5186969244,0
1201,Emitter_2,3,0.3229554154,0
1202,Emitter_1,7,0.5048338435,0
1203,Emitter_2,3,0.3462540517,0
1204,Emitter_1,7,0.5004013079,0
1205,Noise,5,3.583618412,1
1206,Emitter_2,3,0.322447334,0
1207,Emitter_1,7,0.5113928848,0
1208,Emitter_1,7,0.4929171002,0
1209,Emitter_2,3,0.3098457096,0
1210,Emitter_1,7,0.5087513974,0
1211,Emitter_2,3,0.2993580945,0
1212,Emitter_1,7,0.492329971,0
1213,Emitter_2,3,0.3124886552,0
1214,Emitter_1,7,0.4833571928,0
1215,Emitter_2,3,0.2910347514,0
1216,Emitter_1,7,0.4802580799,0
1217,Emitter_1,7,0.4807975124,0
1218,Emitter_2,3,0.2878133682,0
1219,Emitter_1,7,0.4725695538,0
1220,Emitter_2,3,0.2830329089,0
1221,Emitter_1,7,0.4882087082,0
1222,Emitter_2,3,0.2793375076,0
1223,Emitter_1,7,0.4701808071,0
1224,Emitter_2,3,0.2737458284,0
1225,Emitter_1,7,0.4645566099,0
1226,Emitter_1,7,0.462641173,0
1227,Emitter_2,3,0.2696332334,0
1228,Emitter_1,7,0.4738307171,0
1229,Emitter_2,3,0.2661473329,0
1230,Emitter_1,7,0.4555392672,0
1231,Emitter_2,3,0.2641922293,0
1232,Emitter_1,7,0.4757562227,0
1233,Emitter_2,3,0.2583618143,0
1234,Emitter_1,7,0.4552285005,0
1235,Emitter_1,7,0.4449478287,0
1236,Emitter_2,3,0.2532034994,0
1237,Emitter_1,7,0.4433959286,0
1238,Emitter_2,3,0.2631207212,0
1239,Emitter_1,7,0.4362116472,0
1240,Emitter_2,3,0.2544510619,0
1241,Emitter_1,7,0.4515550593,0
1242,Emitter_2,3,0.2395156898,0
1243,Emitter_1,7,0.4288120696,0
1244,Emitter_1,7,0.4349513796,0
1245,Emitter_2,3,0.2501581779,0
1246,Noise,0,3.634413701,1
1247,Emitter_1,7,0.4217440491,0
1248,Noise,4,1.94051356,1
1249,Emitter_2,3,0.2338577702,0
1250,Emitter_1,7,0.4279387605,0
1251,Emitter_2,3,0.2280167627,0
1252,Emitter_1,7,0.4203016694,0
1253,Emitter_2,3,0.2224090749,0
1254,Emitter_1,7,0.4215043992,0
1255,Emitter_1,7,0.4110562196,0
1256,Emitter_2,3,0.2213280165,0
1257,Emitter_1,7,0.4100252102,0
1258,Emitter_2,3,0.212924306,0
1259,Emitter_1,7,0.4004120495,0
1260,Emitter_2,3,0.2094623033,0
1261,Emitter_1,7,0.4191983551,0
1262,Emitter_2,3,0.2179462944,0
1263,Emitter_1,7,0.3963274852,0
1264,Emitter_1,7,0.3906193625,0
1265,Emitter_2,3,0.2004159255,0
1266,Noise,3,2.235367387,1
1267,Emitter_1,7,0.3882966628,0
1268,Emitter_2,3,0.2018614429,0
1269,Emitter_1,7,0.3829284727,0
1270,Emitter_2,3,0.2041247341,0
1271,Emitter_1,7,0.4154323015,0
1272,Emitter_2,3,0.2261960945,0
1273,Emitter_1,7,0.3772742256,0
1274,Emitter_1,7,0.3716980036,0
1275,Emitter_2,3,0.1939681465,0
1276,Emitter_1,7,0.3717213658,0
1277,Emitter_2,3,0.1976215368,0
1278,Noise,8,2.9065325,1
1279,Emitter_1,7,0.3678211986,0
1280,Emitter_2,3,0.1796350913,0
1281,Emitter_1,7,0.3643954236,0
1282,Emitter_2,3,0.174622523,0
1283,Emitter_1,7,0.3590562664,0
1284,Emitter_1,7,0.3548622365,0
1285,Emitter_2,3,0.1809081525,0
1286,Emitter_1,7,0.3588321544,0
1287,Emitter_2,3,0.1707722337,0
1288,Emitter_1,7,0.356576005,0
1289,Emitter_2,3,0.1673760935,0
1290,Emitter_1,7,0.3462824814,0
1291,Emitter_2,3,0.1656580006,0
1292,Emitter_1,7,0.3565402307,0
1293,Noise,5,1.351026072,1
1294,Emitter_1,7,0.3456837358,0
1295,Emitter_2,3,0.1746391302,0
1296,Emitter_1,7,0.3422317867,0
1297,Noise,5,2.232209758,1
1298,Emitter_2,3,0.1553647668,0
1299,Emitter_1,7,0.3449073847,0
1300,Emitter_2,3,0.1471263195,0
1301,Emitter_1,7,0.3287478521,0
1302,Emitter_2,3,0.1432535,0
1303,Emitter_1,7,0.3239795077,0
1304,Emitter_1,7,0.338617437,0
1305,Emitter_2,3,0.1457675474,0
1306,Emitter_1,7,0.3672468071,0
1307,Emitter_2,3,0.1265369584,0
1308,Emitter_1,7,0.3132392625,0
1309,Emitter_2,3,0.1228914821,0
1310,Emitter_1,7,0.3124733691,0
1311,Emitter_2,3,0.136174714,0
1312,Emitter_1,7,0.3127605481,0
1313,Emitter_1,7,0.3070125366,0
1314,Emitter_2,3,0.1356236873,0
1315,Emitter_1,7,0.31990044,0
1316,Emitter_2,3,0.1212566721,0
1317,Emitter_1,7,0.2991609317,0
1318,Emitter_2,3,0.1131883305,0
1319,Emitter_1,7,0.3258368255,0
1320,Emitter_2,3,0.1030619325,0
1321,Emitter_1,7,0.2886186629,0
1322,Emitter_1,7,0.2979598326,0
1323,Emitter_2,3,0.1358576111,0
1324,Emitter_1,7,0.2821078942,0
1325,Emitter_2,3,0.0923772176,0
1326,Emitter_1,7,0.2795851539,0
1327,Emitter_2,3,0.09309411831,0
1328,Emitter_1,7,0.281573403,0
1329,Emitter_2,3,0.08854304053,0
1330,Emitter_1,7,0.2769055368,0
1331,Emitter_1,7,0.2719156149,0
1332,Emitter_2,3,0.08152840541,0
1333,Emitter_1,7,0.3112247836,0
1334,Emitter_2,3,0.0775565802,0
1335,Emitter_1,7,0.2808311129,0
1336,Emitter_2,3,0.09063407504,0
1337,Emitter_1,7,0.2622717623,0
1338,Emitter_2,3,0.08451530854,0
1339,Emitter_1,7,0.2673114627,0
1340,Noise,2,3.311923301,1
1341,Emitter_1,7,0.2509536684,0
1342,Emitter_2,3,0.10686321,0
1343,Emitter_1,7,0.2475891291,0
1344,Emitter_2,3,0.08929055576,0
1345,Emitter_1,7,0.2659158111,0
1346,Emitter_2,3,0.1374664591,0
1347,Emitter_1,7,0.245958416,0
1348,Emitter_2,3,0.2048230966,0
1349,Emitter_1,7,0.2479205191,0
1350,Emitter_1,7,0.2412592713,0
1351,Emitter_2,3,0.0465708566,0
1352,Emitter_1,7,0.2364989212,0
1353,Emitter_2,3,0.04511664278,0
1354,Noise,5,2.868590606,1
1355,Emitter_1,7,0.2495994913,0
1356,Emitter_2,3,0.0441619525,0
1357,Emitter_1,7,0.2231099771,0
1358,Emitter_2,3,0.04673335728,0
1359,Emitter_1,7,0.2924967046,0
1360,Emitter_1,7,0.2351693395,0
1361,Emitter_2,3,0.07785309869,0
1362,Emitter_1,7,0.2166033991,0
1363,Emitter_2,3,0.03323498914,0
1364,Emitter_1,7,0.238340414,0
1365,Noise,8,3.214048516,1
1366,Emitter_2,3,0.06725499132,0
1367,Emitter_1,7,0.2083304556,0
1368,Emitter_2,3,0.05775912933,0
1369,Emitter_1,7,0.2341175003,0
1370,Emitter_1,7,0.2017670536,0
1371,Emitter_2,3,0.06436469586,0
1372,Emitter_1,7,0.2012030411,0
1373,Emitter_2,3,0.03241111422,0
1374,Emitter_1,7,0.1930718657,0
1375,Emitter_2,3,0.04157974775,0
1376,Emitter_1,7,0.1890448281,0
1377,Emitter_2,3,0.02356072949,0
1378,Emitter_1,7,0.1879598406,0
1379,Emitter_1,7,0.1859519665,0
1380,Emitter_2,3,0.05648026804,0
1381,Noise,3,3.28286511,1
1382,Noise,4,3.04524079,1
1383,Emitter_1,7,0.18255593,0
1384,Emitter_2,3,0.09415869923,0
1385,Emitter_1,7,0.1814155976,0
1386,Emitter_2,3,0.04859230196,0
1387,Emitter_1,7,0.1718776006,0
1388,Emitter_2,3,0.0328533465,0
1389,Emitter_1,7,0.1900863807,0
1390,Noise,3,2.285120245,1
1391,Emitter_1,7,0.2014291767,0
1392,Emitter_2,3,0.1343612864,0
1393,Emitter_1,7,0.1833796639,0
1394,Emitter_2,3,0.03787588629,0
1395,Emitter_1,7,0.2142154469,0
1396,Emitter_2,3,0.04336805077,0
1397,Emitter_1,7,0.1547251704,0
1398,Emitter_2,3,0.1207292344,0
1399,Emitter_1,7,0.1771105199,0
1400,Emitter_1,7,0.1953857068,0
1401,Emitter_2,3,0.05596277273,0
1402,Emitter_1,7,0.1519153193,0
1403,Emitter_2,3,0.1154631014,0
1404,Emitter_1,7,0.1444409798,0
1405,Emitter_2,3,0.08175646316,0
1406,Emitter_1,7,0.144250203,0
1407,Emitter_2,3,0.1183736943,0
1408,Emitter_1,7,0.1577554354,0
1409,Emitter_1,7,0.1321379376,0
1410,Emitter_2,3,0.09381848136,0
1411,Noise,0,3.000351908,1
1412,Emitter_1,7,0.1287540263,0
1413,Emitter_2,3,0.1124795092,0
1414,Emitter_1,7,0.1401837071,0
1415,Emitter_2,3,0.09538397031,0
1416,Emitter_1,7,0.1375935845,0
1417,Emitter_2,3,0.08188106107,0
1418,Emitter_1,7,0.135260884,0
1419,Emitter_1,7,0.1333743937,0
1420,Emitter_2,3,0.09031261356,0
1421,Emitter_1,7,0.1161919895,0
1422,Emitter_2,3,0.1100644828,0
1423,Emitter_1,7,0.1118748097,0
1424,Noise,4,3.23900822,1
1425,Emitter_2,3,0.1106181439,0
1426,Emitter_1,7,0.1129746562,0
1427,Emitter_2,3,0.0985937188,0
1428,Emitter_1,7,0.1101596645,0
1429,Noise,8,2.669633302,1
1430,Emitter_1,7,0.1007855946,0
1431,Emitter_2,3,0.09814431227,0
1432,Emitter_1,7,0.1047764186,0
1433,Emitter_2,3,0.113024027,0
1434,Emitter_1,7,0.155124254,0
1435,Noise,5,2.748716254,1
1436,Emitter_2,3,0.106317711,0
1437,Emitter_1,7,0.09779808096,0
1438,Noise,4,2.365121959,1
1439,Emitter_2,3,0.1361935624,0
1440,Emitter_1,7,0.131933299,0
1441,Emitter_1,7,0.1467539514,0
1442,Emitter_2,3,0.1177273269,0
1443,Emitter_1,7,0.1965210035,0
1444,Emitter_2,3,0.1409823917,0
1445,Noise,8,2.256755839,1
1446,Emitter_1,7,0.07419154767,0
1447,Emitter_2,3,0.141828658,0
1448,Emitter_1,7,0.1106153907,0
1449,Emitter_2,3,0.1295057518,0
1450,Emitter_1,7,0.06681926411,0
1451,Emitter_1,7,0.09457375483,0
1452,Emitter_2,3,0.190764928,0
1453,Emitter_1,7,0.06739947755,0
1454,Emitter_2,3,0.1445207002,0
1455,Emitter_1,7,0.0897808809,0
1456,Emitter_2,3,0.1412472783,0
1457,Emitter_1,7,0.08044594738,0
1458,Emitter_2,3,0.1810345128,0
1459,Emitter_1,7,0.1167529057,0
1460,Emitter_1,7,0.1263692071,0
1461,Emitter_2,3,0.1759959161,0
1462,Emitter_1,7,0.08225654774,0
1463,Emitter_2,3,0.1617897368,0
1464,Emitter_1,7,0.04159821694,0
1465,Emitter_2,3,0.1597510445,0
1466,Emitter_1,7,0.04053219838,0
1467,Emitter_2,3,0.1678490051,0
1468,Emitter_1,7,0.07035321325,0
1469,Emitter_1,7,0.0496474327,0
1470,Emitter_2,3,0.1884896851,0
1471,Emitter_1,7,0.06220573784,0
1472,Emitter_2,3,0.1841392548,0
1473,Emitter_1,7,0.03771810095,0
1474,Emitter_2,3,0.174643228,0
1475,Emitter_1,7,0.05403487893,0
1476,Noise,0,3.10621904,1
1477,Emitter_2,3,0.1794508068,0
1478,Emitter_1,7,0.07151863949,0
1479,Emitter_1,7,0.02313134722,0
1480,Emitter_2,3,0.2098508235,0
1481,Emitter_1,7,0.03446549433,0
1482,Emitter_2,3,0.1880243441,0
1483,Emitter_1,7,0.07591401197,0
1484,Emitter_2,3,0.1931443276,0
1485,Emitter_1,7,0.04811629758,0
1486,Emitter_2,3,0.205350823,0
1487,Emitter_1,7,0.04383207024,0
1488,Emitter_1,7,0.1015294237,0
1489,Emitter_2,3,0.2008416088,0
1490,Emitter_1,7,0.02830568373,0
1491,Emitter_2,3,0.229502012,0
1492,Emitter_1,7,0.02987268852,0
1493,Emitter_2,3,0.211870911,0
1494,Emitter_1,7,0.08945726063,0
1495,Noise,3,1.289270943,1
1496,Emitter_2,3,0.2292759499,0
1497,Emitter_1,7,0.08778000684,0
1498,Emitter_1,7,0.06903393822,0
1499,Emitter_2,3,0.2400806138,0
1500,Emitter_1,7,0.03935042847,0
1501,Emitter_2,3,0.2227220708,0
1502,Emitter_1,7,0.05591705709,0
1503,Emitter_2,3,0.231134931,0
1504,Emitter_1,7,0.1108304658,0
1505,Emitter_2,3,0.2396713502,0
1506,Emitter_1,7,0.1020229427,0
1507,Emitter_1,7,0.0609603204,0
1508,Emitter_2,3,0.2377957261,0
1509,Emitter_1,7,0.1072295657,0
1510,Emitter_2,3,0.2417659077,0
1511,Emitter_1,7,0.07042737551,0
1512,Emitter_2,3,0.2604916358,0
1513,Emitter_1,7,0.07271825039,0
1514,Emitter_2,3,0.2923070672,0
1515,Emitter_1,7,0.06853728364,0
1516,Noise,3,2.112570284,1
1517,Emitter_1,7,0.09279238705,0
1518,Emitter_2,3,0.2551048254,0
1519,Emitter_1,7,0.1126848554,0
1520,Emitter_2,3,0.2619801453,0
1521,Emitter_1,7,0.1141331976,0
1522,Noise,2,3.498818627,1
1523,Emitter_2,3,0.2730070565,0
1524,Emitter_1,7,0.1293826517,0
1525,Emitter_2,3,0.272084398,0
1526,Emitter_1,7,0.08289666491,0
1527,Emitter_1,7,0.08553217652,0
1528,Emitter_2,3,0.2779359162,0
1529,Emitter_1,7,0.08659280693,0
1530,Emitter_2,3,0.2852630966,0
1531,Emitter_1,7,0.09154861638,0
1532,Emitter_2,3,0.2783171646,0
1533,Emitter_1,7,0.1063118862,0
1534,Emitter_2,3,0.2840145766,0
1535,Emitter_1,7,0.1524568662,0
1536,Emitter_1,7,0.1081634994,0
1537,Emitter_2,3,0.2888509595,0
1538,Noise,2,3.382967585,1
1539,Emitter_1,7,0.1038570584,0
1540,Emitter_2,3,0.291559314,0
1541,Emitter_1,7,0.1399338565,0
1542,Emitter_2,3,0.2955212139,0
1543,Emitter_1,7,0.1408188063,0
1544,Emitter_2,3,0.3277720333,0
1545,Emitter_1,7,0.1721299477,0
1546,Emitter_1,7,0.143861645,0
1547,Emitter_2,3,0.3100022955,0
1548,Noise,5,1.597837788,1
1549,Emitter_1,7,0.1325660836,0
1550,Emitter_2,3,0.3142015677,0
1551,Emitter_1,7,0.1239975167,0
1552,Emitter_2,3,0.315329758,0
1553,Emitter_1,7,0.1525783412,0
1554,Emitter_2,3,0.3199819891,0
1555,Emitter_1,7,0.1567369747,0
1556,Noise,8,1.485323138,1
1557,Emitter_1,7,0.1341107631,0
1558,Emitter_2,3,0.3234301023,0
1559,Emitter_1,7,0.148583967,0
1560,Emitter_2,3,0.3257612594,0
1561,Emitter_1,7,0.1594883611,0
1562,Emitter_2,3,0.3344197188,0
1563,Emitter_1,7,0.1490584384,0
1564,Emitter_2,3,0.3389488801,0
1565,Emitter_1,7,0.1733790365,0
1566,Emitter_1,7,0.155937398,0
1567,Emitter_2,3,0.3421838562,0
1568,Emitter_1,7,0.1835082682,0
1569,Emitter_2,3,0.3454587867,0
1570,Emitter_1,7,0.1584764859,0
1571,Emitter_2,3,0.3502218125,0
1572,Emitter_1,7,0.1887241129,0
1573,Emitter_2,3,0.3522808829,0
1574,Emitter_1,7,0.1981750927,0
1575,Emitter_1,7,0.1690442572,0
1576,Emitter_2,3,0.356275994,0
1577,Emitter_1,7,0.1858175918,0
1578,Emitter_2,3,0.3615747484,0
1579,Emitter_1,7,0.2203852289,0
1580,Emitter_2,3,0.3649198972,0
1581,Emitter_1,7,0.1824257275,0
1582,Emitter_2,3,0.3721699564,0
1583,Emitter_1,7,0.1821400524,0
1584,Emitter_1,7,0.1890373215,0
1585,Emitter_2,3,0.3744901996,0
1586,Emitter_1,7,0.2135105954,0
1587,Emitter_2,3,0.3785118907,0
1588,Emitter_1,7,0.1965788953,0
1589,Emitter_2,3,0.4011115976,0
1590,Emitter_1,7,0.2202951239,0
1591,Emitter_2,3,0.3888172462,0
1592,Emitter_1,7,0.202134576,0
1593,Emitter_1,7,0.2039004941,0
1594,Emitter_2,3,0.3943691615,0
1595,Emitter_1,7,0.2174802707,0
1596,Emitter_2,3,0.3965810844,0
1597,Emitter_1,7,0.2304924377,0
1598,Emitter_2,3,0.3994307499,0
1599,Emitter_1,7,0.2205870026,0
1600,Emitter_2,3,0.4102425131,0
1601,Emitter_1,7,0.2188027112,0
1602,Emitter_1,7,0.2309316779,0
1603,Emitter_2,3,0.4085203034,0
1604,Emitter_1,7,0.244304748,0
1605,Emitter_2,3,0.4176730314,0
1606,Emitter_1,7,0.2306188585,0
1607,Emitter_2,3,0.4599749822,0
1608,Emitter_1,7,0.2353661679,0
1609,Emitter_2,3,0.4235713193,0
1610,Emitter_1,7,0.2912301497,0
1611,Emitter_1,7,0.2415356898,0
1612,Emitter_2,3,0.4256922611,0
1613,Emitter_1,7,0.2433543665,0
1614,Noise,8,2.527579422,1
1615,Emitter_2,3,0.4600178346,0
1616,Emitter_1,7,0.2859570576,0
1617,Noise,7,1.673417535,1
1618,Emitter_2,3,0.4401499545,0
1619,Emitter_1,7,0.2845985895,0
1620,Emitter_2,3,0.4491144198,0
1621,Emitter_1,7,0.2529487108,0
1622,Emitter_1,7,0.2542541853,0
1623,Emitter_2,3,0.4436334644,0
1624,Noise,0,2.856320857,1
1625,Emitter_1,7,0.2967377046,0
1626,Emitter_2,3,0.4470796112,0
1627,Emitter_1,7,0.2610839867,0
1628,Emitter_2,3,0.4657088727,0
1629,Emitter_1,7,0.2666840863,0
1630,Emitter_2,3,0.4589974105,0
1631,Emitter_1,7,0.2700345367,0
1632,Emitter_1,7,0.2834189388,0
1633,Emitter_2,3,0.4628505967,0
1634,Emitter_1,7,0.2880042986,0
1635,Emitter_2,3,0.4653835248,0
1636,Emitter_1,7,0.3133276611,0
1637,Emitter_2,3,0.46980548,0
1638,Emitter_1,7,0.2824515849,0
1639,Emitter_2,3,0.4732349987,0
1640,Emitter_1,7,0.2877069416,0
1641,Emitter_1,7,0.2891681759,0
1642,Emitter_2,3,0.481685401,0
1643,Emitter_1,7,0.2925570289,0
1644,Emitter_2,3,0.4821079946,0
1645,Emitter_1,7,0.3089794038,0
1646,Emitter_2,3,0.4879808028,0
1647,Noise,4,2.350475035,1
1648,Emitter_1,7,0.3085009703,0
1649,Emitter_2,3,0.4930134206,0
1650,Emitter_1,7,0.3044913172,0
1651,Emitter_1,7,0.3075399122,0
1652,Emitter_2,3,0.5111991255,0
1653,Emitter_1,7,0.3294392745,0
1654,Emitter_2,3,0.5057244087,0
1655,Emitter_1,7,0.3229337161,0
1656,Emitter_2,3,0.5044938974,0
1657,Emitter_1,7,0.3192897323,0
1658,Emitter_2,3,0.5086188802,0
1659,Emitter_1,7,0.3220912629,0
1660,Emitter_1,7,0.3316835795,0
1661,Emitter_2,3,0.5147568152,0
1662,Emitter_1,7,0.3292330963,0
1663,Emitter_2,3,0.5185815401,0
1664,Emitter_1,7,0.3321941218,0
1665,Emitter_2,3,0.5245912816,0
1666,Emitter_1,7,0.3380377336,0
1667,Emitter_2,3,0.5340981363,0
1668,Emitter_1,7,0.3761717179,0
1669,Emitter_1,7,0.3421304544,0
1670,Emitter_2,3,0.5398975106,0
1671,Emitter_1,7,0.3481345667,0
1672,Emitter_2,3,0.5339113226,0
1673,Emitter_1,7,0.353722843,0
1674,Noise,7,3.125757724,1
1675,Emitter_2,3,0.5591884942,0
1676,Emitter_1,7,0.3521755524,0
1677,Noise,5,3.055220876,1
1678,Emitter_2,3,0.5434204014,0
1679,Emitter_1,7,0.3623044545,0
1680,Emitter_1,7,0.4123123963,0
1681,Emitter_2,3,0.5470005015,0
1682,Emitter_1,7,0.3621767072,0
1683,Emitter_2,3,0.5538190779,0
1684,Emitter_1,7,0.3878042782,0
1685,Emitter_2,3,0.5604046527,0
1686,Emitter_1,7,0.3696783865,0
1687,Noise,5,2.786262419,1
1688,Emitter_2,3,0.5599545668,0
1689,Emitter_1,7,0.3741185929,0
1690,Emitter_1,7,0.3923232432,0
1691,Emitter_2,3,0.5694966634,0
1692,Emitter_1,7,0.3790820678,0
1693,Emitter_2,3,0.5707223966,0
1694,Emitter_1,7,0.3899475133,0
1695,Emitter_2,3,0.5733638508,0
1696,Emitter_1,7,0.396785493,0
1697,Emitter_2,3,0.5797339992,0
1698,Emitter_1,7,0.4015463839,0
1699,Emitter_1,7,0.4006381404,0
1700,Emitter_2,3,0.588416375,0
1701,Emitter_1,7,0.3980508395,0
1702,Emitter_2,3,0.5857120074,0
1703,Emitter_1,7,0.3996513408,0
1704,Emitter_2,3,0.5909979592,0
1705,Noise,5,1.690875214,1
1706,Emitter_1,7,0.4053383631,0
1707,Emitter_2,3,0.5944461312,0
1708,Emitter_1,7,0.4067245973,0
1709,Emitter_1,7,0.4108582353,0
1710,Emitter_2,3,0.6111564388,0
1711,Emitter_1,7,0.4154688919,0
1712,Emitter_2,3,0.6040690841,0
1713,Emitter_1,7,0.4174715726,0
1714,Emitter_2,3,0.608361571,0
1715,Emitter_1,7,0.437552118,0
1716,Emitter_2,3,0.6128455073,0
1717,Noise,8,2.394457706,1
1718,Emitter_1,7,0.4238437169,0
1719,Emitter_1,7,0.434026535,0
1720,Emitter_2,3,0.6187646827,0
1721,Emitter_1,7,0.4506124598,0
1722,Emitter_2,3,0.6205239779,0
1723,Emitter_1,7,0.4342553196,0
1724,Noise,5,2.732434729,1
1725,Emitter_2,3,0.6264470702,0
1726,Emitter_1,7,0.4381603209,0
1727,Emitter_2,3,0.6312405384,0
1728,Emitter_1,7,0.44723385,0
1729,Emitter_1,7,0.4445659437,0
1730,Emitter_2,3,0.6374580072,0
1731,Emitter_1,7,0.4547808872,0
1732,Emitter_2,3,0.6419858349,0
1733,Emitter_1,7,0.4548106626,0
1734,Emitter_2,3,0.6435175445,0
1735,Emitter_1,7,0.4591003748,0
1736,Emitter_2,3,0.6550252446,0
1737,Emitter_1,7,0.4731038754,0
1738,Emitter_1,7,0.4625580786,0
1739,Emitter_2,3,0.6592965612,0
1740,Emitter_1,7,0.4654986909,0
1741,Emitter_2,3,0.6683191928,0
1742,Emitter_1,7,0.4712816885,0
1743,Emitter_2,3,0.6743575405,0
1744,Emitter_1,7,0.4724879038,0
1745,Emitter_2,3,0.666449608,0
1746,Emitter_1,7,0.4757799976,0
1747,Emitter_1,7,0.4821149579,0
1748,Emitter_2,3,0.6691843124,0
1749,Emitter_1,7,0.483171,0
1750,Emitter_2,3,0.6732571603,0
1751,Emitter_1,7,0.4947920287,0
1752,Emitter_2,3,0.6778155486,0
1753,Emitter_1,7,0.5074461671,0
1754,Emitter_2,3,0.6823933185,0
1755,Emitter_1,7,0.4975522968,0
1756,Emitter_1,7,0.4998621359,0
1757,Emitter_2,3,0.6857189201,0
1758,Emitter_1,7,0.5010735399,0
1759,Emitter_2,3,0.6916741558,0
1760,Emitter_1,7,0.5067779867,0
1761,Emitter_2,3,0.6989188377,0
1762,Emitter_1,7,0.5082204037,0
1763,Emitter_2,3,0.7015572524,0
1764,Emitter_1,7,0.5170156452,0
1765,Emitter_1,7,0.5208689608,0
1766,Emitter_2,3,0.7028884268,0
1767,Emitter_1,7,0.5212052904,0
1768,Emitter_2,3,0.7074993149,0
1769,Emitter_1,7,0.5270659514,0
1770,Emitter_2,3,0.7155569371,0
1771,Emitter_1,7,0.5246291976,0
1772,Emitter_2,3,0.7157475313,0
1773,Emitter_1,7,0.5308817347,0
1774,Noise,8,2.716624584,1
1775,Emitter_1,7,0.5320355103,0
1776,Emitter_2,3,0.7205968177,0
1777,Emitter_1,7,0.5353325749,0
1778,Emitter_2,3,0.7274865528,0
1779,Noise,4,3.540101131,1
1780,Emitter_1,7,0.5432006409,0
1781,Emitter_2,3,0.7293893715,0
1782,Emitter_1,7,0.5543588736,0
1783,Emitter_2,3,0.7375483268,0
1784,Emitter_1,7,0.5612797575,0
1785,Emitter_1,7,0.5578658941,0
1786,Emitter_2,3,0.7430497975,0
1787,Emitter_1,7,0.5623255433,0
1788,Emitter_2,3,0.7489364338,0
1789,Emitter_1,7,0.5559364285,0
1790,Emitter_2,3,0.7463490593,0
1791,Emitter_1,7,0.5613663518,0
1792,Emitter_2,3,0.7547364857,0
1793,Emitter_1,7,0.5635434199,0
1794,Emitter_1,7,0.5689793984,0
1795,Emitter_2,3,0.7620221744,0
1796,Emitter_1,7,0.5709192044,0
1797,Emitter_2,3,0.7618368268,0
1798,Emitter_1,7,0.5897585906,0
1799,Emitter_2,3,0.7640035497,0
1800,Emitter_1,7,0.5771164981,0
1801,Emitter_2,3,0.7678751733,0
1802,Emitter_1,7,0.5822825169,0
1803,Emitter_1,7,0.586821392,0
1804,Emitter_2,3,0.772871965,0
1805,Emitter_1,7,0.5928411487,0
1806,Emitter_2,3,0.7764868599,0
1807,Emitter_1,7,0.5900165888,0
1808,Noise,2,3.200221741,1
1809,Emitter_2,3,0.7895926211,0
1810,Emitter_1,7,0.5975199934,0
1811,Emitter_2,3,0.7913098197,0
1812,Emitter_1,7,0.597380048,0
1813,Emitter_1,7,0.6020428555,0
1814,Emitter_2,3,0.7957316795,0
1815,Emitter_1,7,0.6060461035,0
1816,Emitter_2,3,0.7942953013,0
1817,Emitter_1,7,0.6363089483,0
1818,Emitter_2,3,0.7988365382,0
1819,Noise,8,2.381718438,1
1820,Emitter_1,7,0.6424048622,0
1821,Emitter_2,3,0.8028619835,0
1822,Emitter_1,7,0.6199022796,0
1823,Emitter_1,7,0.6245144329,0
1824,Emitter_2,3,0.8130497347,0
1825,Emitter_1,7,0.6271165125,0
1826,Emitter_2,3,0.8118714235,0
1827,Emitter_1,7,0.6323009696,0
1828,Noise,2,3.615346428,1
1829,Emitter_2,3,0.8181339889,0
1830,Emitter_1,7,0.6323027117,0
1831,Emitter_2,3,0.8198634069,0
1832,Emitter_1,7,0.6347380692,0
1833,Emitter_1,7,0.637956837,0
1834,Emitter_2,3,0.82426097,0
1835,Emitter_1,7,0.6400317396,0
1836,Emitter_2,3,0.8301376238,0
1837,Emitter_1,7,0.6500873802,0
1838,Emitter_2,3,0.8355640517,0
1839,Emitter_1,7,0.6574508232,0
1840,Emitter_2,3,0.8376664843,0
1841,Emitter_1,7,0.6527344463,0
1842,Emitter_1,7,0.65431009,0
1843,Emitter_2,3,0.8463236541,0
1844,Emitter_1,7,0.6568844481,0
1845,Emitter_2,3,0.8552841611,0
1846,Emitter_1,7,0.6746260097,0
1847,Emitter_2,3,0.8506424468,0
1848,Emitter_1,7,0.672647249,0
1849,Emitter_2,3,0.8546027743,0
1850,Emitter_1,7,0.6687116164,0
1851,Emitter_1,7,0.6862578633,0
1852,Emitter_2,3,0.8613249458,0
1853,Emitter_1,7,0.6738109263,0
1854,Emitter_2,3,0.8631651278,0
1855,Emitter_1,7,0.6787906051,0
1856,Emitter_2,3,0.8678860908,0
1857,Emitter_1,7,0.6828064885,0
1858,Emitter_2,3,0.8784640522,0
1859,Emitter_1,7,0.6874149959,0
1860,Emitter_1,7,0.6878888133,0
1861,Emitter_2,3,0.8808683956,0
1862,Emitter_1,7,0.6913911057,0
1863,Emitter_2,3,0.8818160256,0
1864,Emitter_1,7,0.6941876278,0
1865,Emitter_2,3,0.8859563411,0
1866,Emitter_1,7,0.6992033387,0
1867,Emitter_2,3,0.8892097039,0
1868,Emitter_1,7,0.7009689442,0
1869,Emitter_1,7,0.707606028,0
1870,Emitter_2,3,0.9042643598,0
1871,Emitter_1,7,0.7080931411,0
1872,Emitter_2,3,0.8977676815,0
1873,Emitter_1,7,0.7225619212,0
1874,Noise,8,2.731822099,1
1875,Emitter_2,3,0.9077688821,0
1876,Emitter_1,7,0.7183556608,0
1877,Emitter_2,3,0.9159934607,0
1878,Emitter_1,7,0.7199883737,0
1879,Emitter_1,7,0.7232311063,0
1880,Emitter_2,3,0.910840529,0
1881,Noise,7,1.810044621,1
1882,Emitter_1,7,0.7257778808,0
1883,Emitter_2,3,0.9242977529,0
1884,Emitter_1,7,0.7287606313,0
1885,Noise,0,2.430080594,1
1886,Emitter_2,3,0.9195640437,0
1887,Emitter_1,7,0.7325838045,0
1888,Emitter_2,3,0.9250096501,0
1889,Emitter_1,7,0.7368436117,0
1890,Emitter_1,7,0.7441082331,0
1891,Emitter_2,3,0.9317905598,0
1892,Emitter_1,7,0.7440604669,0
1893,Emitter_2,3,0.933201092,0
1894,Emitter_1,7,0.7499272395,0
1895,Emitter_2,3,0.9506094661,0
1896,Emitter_1,7,0.7504308825,0
1897,Emitter_2,3,0.9423433729,0
1898,Emitter_1,7,0.7529513876,0
1899,Emitter_1,7,0.7738166435,0
1900,Emitter_2,3,0.9498087445,0
